Province,Type,Subregion,Name,Tel,Latitude,Longitude
Eastern Cape,Police,Aberdeen,Aberdeen,049-8460015,-32.47634,24.06098
Eastern Cape,Police,Addo,Addo,"042-2338800, 042-2338802",-33.54769,25.69029
Eastern Cape,Police,Adelaide,Adelaide,046-6840030,-32.70725,26.29255
Eastern Cape,Police,Afsondering,Afsondering,"039-2568461, 039-2568462",-30.16502,28.96145
Eastern Cape,Police,Alexandria,Alexandria,046-6530015,-33.65057,26.412
Eastern Cape,Police,Algoapark,Algoapark,041-4091061,-33.90246,25.57071
Eastern Cape,Police,Alice,Alice,040-6531138,-32.79033,26.83583
Eastern Cape,Police,Alicedale,Alicedale,042-2311006,-33.31668,26.08514
Eastern Cape,Police,Aliwal North,Aliwal North,051-6332426,-30.68748,26.71103
Eastern Cape,Police,Avondale,Avondale,039-2563002,-30.29751,28.40448
Eastern Cape,Police,Balfour,Balfour,040-8649349,-32.53628,26.67652
Eastern Cape,Police,Barkly East,Barkly East,045-9710199,-30.96913,27.59774
Eastern Cape,Police,Bathurst,Bathurst,046-6250636,-33.50484,26.83917
Eastern Cape,Police,Beacon Bay,Beacon Bay,043-7019000,-32.96884,27.93836
Eastern Cape,Police,Bedford,Bedford,046-6850019,-32.68363,26.08275
Eastern Cape,Police,Bell,Bell,040-6770255,-33.24744,27.35953
Eastern Cape,Police,Berlin,Berlin,"043-6852277, 043-6852233",-32.87859,27.5732
Eastern Cape,Police,Bethelsdorp,Bethelsdorp,"041-4043005, 041-4043004",-33.87062,25.51261
Eastern Cape,Police,Bhisho,Bhisho,"040-6082605, 040-6082624",-32.85029,27.44085
Eastern Cape,Police,Bityi,Bityi,047-5389900,-31.80929,28.53375
Eastern Cape,Police,Bluewater,Bluewater,043-8511540,-32.72743,27.95053
Eastern Cape,Police,Bolo,Bolo,043-6831211,-32.3882,27.62414
Eastern Cape,Police,Bolotwa,Bolotwa,"047-8786999, 047-8786998",-31.9862,27.1992
Eastern Cape,Police,Bridge Camp,Bridge Camp,047-8741903,-32.02197,27.3588
Eastern Cape,Police,Buffalo Flats,Buffalo Flats,"043-7095500, 043-7095502",-33.02401,27.86027
Eastern Cape,Police,Burgersdorp,Burgersdorp,"051-6531771, 051-6531700",-30.99708,26.33273
Eastern Cape,Police,Butterworth,Butterworth,"047-4011143, 047-4011100",-32.3292,28.14217
Eastern Cape,Police,Cala,Cala,047-8770132,-31.52416,27.69644
Eastern Cape,Police,Cambridge,Cambridge,043-7097500,-32.97932,27.89812
Eastern Cape,Police,Cathcart,Cathcart,045-8436000,-32.29579,27.1411
Eastern Cape,Police,Cedarville,Cedarville,039-7575333,-30.39106,29.04574
Eastern Cape,Police,Centane,Centane,047-4981066,-32.51021,28.3202
Eastern Cape,Police,Chalumna,Chalumna,043-7811053,-33.13694,27.53995
Eastern Cape,Police,Chungwa,Chungwa,040-6574902,-32.83898,27.15612
Eastern Cape,Police,Coffee Bay,Coffee Bay,"047-5759000, 047-5759005",-31.97848,29.14881
Eastern Cape,Police,Cofimvaba,Cofimvaba,047-8740009,-32.00375,27.58411
Eastern Cape,Police,Committees,Committees,046-6367942,-33.16014,26.83654
Eastern Cape,Police,Cookhouse,Cookhouse,042-2471177,-32.75007,25.8005
Eastern Cape,Police,Cradock,Cradock,"048-8817000, 048-8817007",-32.1756,25.62571
Eastern Cape,Police,Dalasile,Dalasile,"047-5480007, 047-5480004",-31.62187,28.19333
Eastern Cape,Police,Despatch,Despatch,"041-9338800, 041-9338830",-33.80317,25.47264
Eastern Cape,Police,Dimbaza,Dimbaza,040-6564300,-32.83365,27.20597
Eastern Cape,Police,Dordrecht,Dordrecht,045-9492521,-31.3794,27.04719
Eastern Cape,Police,Doringkloof,Doringkloof,046-8640859,-32.45969,26.51463
Eastern Cape,Police,Duncan Village,Duncan Village,"043-7094500, 043-7094526",-33.00505,27.88872
Eastern Cape,Police,Dutywa,Dutywa,047-4891333,-32.10058,28.30797
Eastern Cape,Police,East London,East London,"043-7070606, 043-7070687",-33.02058,27.90288
Eastern Cape,Police,Elands Height,Elands Height,"045-9321762, 045-9321049",-30.80423,28.22494
Eastern Cape,Police,Elliot,Elliot,"045-9316011, 045-9316006",-31.33022,27.84998
Eastern Cape,Police,Elliotdale,Elliotdale,047-5770011,-31.96778,28.68342
Eastern Cape,Police,Ezibeleni,Ezibeleni,"047-8731051, 047-8731053",-31.90484,26.95282
Eastern Cape,Police,Flagstaff,Flagstaff,039-2520108,-31.08187,29.49472
Eastern Cape,Police,Floukraal,Floukraal,"051-6410501, 051-6410502",-30.99623,27.05484
Eastern Cape,Police,Fort Beaufort,Fort Beaufort,"046-6451133, 046-6454421",-32.77701,26.63555
Eastern Cape,Police,Fort Brown,Fort Brown,"046-6222417, 046-6227777",-33.12978,26.61773
Eastern Cape,Police,Gelvandale,Gelvandale,"041-4022018, 041-4022019",-33.91055,25.5503
Eastern Cape,Police,Glen Grey,Glen Grey,047-8780050,-31.75751,27.0212
Eastern Cape,Police,Gonubie,Gonubie,043-7039500,-32.9366,28.00084
Eastern Cape,Police,Graaff-Reinet,Graaff-Reinet,"049-8071100, 049-8071123",-32.25286,24.53989
Eastern Cape,Police,Grahamstown,Grahamstown,"046-6039153, 046-6039152",-33.31163,26.53445
Eastern Cape,Police,Hamburg,Hamburg,"040-6781063, 040-6781064",-33.28897,27.46711
Eastern Cape,Police,Hankey,Hankey,"042-2848202, 042-2848201",-33.83223,24.88528
Eastern Cape,Police,Healdtown,Healdtown,"046-6522903, 046-6522904",-32.74839,26.64999
Eastern Cape,Police,Henderson,Henderson,045-8432121,-32.3144,27.33609
Eastern Cape,Police,Hlababomvu,Hlababomvu,"039-2537295, 039-2537541",-31.26654,29.36261
Eastern Cape,Police,Hofmeyr,Hofmeyr,"048-8850099, 048-8850006",-31.65593,25.80221
Eastern Cape,Police,Hogsback,Hogsback,045-9621030,-32.60057,26.93696
Eastern Cape,Police,Humansdorp,Humansdorp,"042-2004717, 042-2004718",-34.02798,24.77275
Eastern Cape,Police,Humewood,Humewood,"041-5045019, 041-5045000",-33.97403,25.62617
Eastern Cape,Police,Ida,Ida,045-9531051,-31.40925,27.55116
Eastern Cape,Police,Ikamvelihle,Ikamvelihle,"041-4025206, 041-4025216",-33.79741,25.60843
Eastern Cape,Police,Ilinge,Ilinge,"047-8728900, 047-8729008",-31.97622,27.03843
Eastern Cape,Police,Indwe,Indwe,045-9521183,-31.47124,27.33555
Eastern Cape,Police,Inyibiba,Inyibiba,043-7084609,-32.95596,27.69467
Eastern Cape,Police,Jamestown,Jamestown,"051-6411001, 051-6411002",-31.1205,26.81023
Eastern Cape,Police,Jansenville,Jansenville,"049-8364410, 049-8364409",-32.94236,24.66876
Eastern Cape,Police,Jeffreys Bay,Jeffreys Bay,"042-2006832, 042-2006833",-34.0553,24.92192
Eastern Cape,Police,Joubertina,Joubertina,"042-2791604, 042-2791600",-33.82652,23.85546
Eastern Cape,Police,Joza,Joza,046-6022701,-33.28478,26.57081
Eastern Cape,Police,Kabega Park,Kabega Park,"041-3976802, 041-3976801",-33.93989,25.49849
Eastern Cape,Police,Kamesh,Kamesh,"042-9888722, 042-9888719",-33.75313,25.38562
Eastern Cape,Police,Kareedouw,Kareedouw,"042-2887100, 042-7128",-33.95386,24.29433
Eastern Cape,Police,Katkop,Katkop,047-5536200,-30.88541,28.51182
Eastern Cape,Police,Kei Bridge,Kei Bridge,043-8312005,-32.50557,27.97953
Eastern Cape,Police,Kei Mouth,Kei Mouth,043-8411080,-32.6788,28.37477
Eastern Cape,Police,Kei Road,Kei Road,043-7828213,-32.70575,27.54653
Eastern Cape,Police,Keiskammahoek,Keiskammahoek,040-6580205,-32.68017,27.14546
Eastern Cape,Police,Kenton On Sea,Kenton On Sea,046-6481222,-33.68053,26.66674
Eastern Cape,Police,Khubusidrift,Khubusidrift,043-7820636,-32.56819,27.62384
Eastern Cape,Police,Kidds Beach,Kidds Beach,"043-78111765, 043-7811500",-33.14929,27.69525
Eastern Cape,Police,King William's Town,King William's Town,043-6040110,-32.87139,27.39139
Eastern Cape,Police,Kinkelbos,Kinkelbos,041-4680123,-33.64669,25.87827
Eastern Cape,Police,Kirkwood,Kirkwood,"042-2307618, 042-2307603",-33.39892,25.44409
Eastern Cape,Police,Kleinbulhoek,Kleinbulhoek,040-8451349,-32.16655,26.575
Eastern Cape,Police,Klipplaat,Klipplaat,"049-8348100, 049-8340002",-33.02179,24.33284
Eastern Cape,Police,Kolomane,Kolomane,"040-6358003, 040-6358002",-32.42247,26.78883
Eastern Cape,Police,Komga,Komga,"043-8311360, 0438311217",-32.57532,27.89203
Eastern Cape,Police,Kwaaiman,Kwaaiman,047-5738905,-31.9192,28.97806
Eastern Cape,Police,Kwadwesi,Kwadwesi,"041-4054712, 041-4054707",-33.84109,25.52347
Eastern Cape,Police,Kwandengane,Kwandengane,039-2516001,-31.054979,29.75814
Eastern Cape,Police,Kwanobuhle,Kwanobuhle,"041-9788604, 041-9788621",-33.81395,25.39782
Eastern Cape,Police,Kwazakele,Kwazakele,"041-4087701, 041-4087744",-33.87626,25.58308
Eastern Cape,Police,Lady Frere,Lady Frere,"047-8780008, 047-8780043",-31.70148,27.23649
Eastern Cape,Police,Lady Grey,Lady Grey,"051-6030023, 051-6030229",-30.71202,27.20923
Eastern Cape,Police,Libode,Libode,047-5550129,-31.53967,29.01552
Eastern Cape,Police,Lukholweni,Lukholweni,039-2573012,-30.64249,28.85494
Eastern Cape,Police,Lusikisiki,Lusikisiki,"039-2531350, 039-2531333",-31.36889,29.57499
Eastern Cape,Police,Macleantown,Macleantown,043-7863731,-32.78686,27.74466
Eastern Cape,Police,Maclear,Maclear,045-9321010,-31.06708,28.34897
Eastern Cape,Police,Madeira,Madeira,047-5310069,-31.58703,28.78971
Eastern Cape,Police,Maletswai,Maletswai,"051-6332165, 051-6331105",-30.69442,26.69165
Eastern Cape,Police,Maluti,Maluti,039-2563800,-30.26205,28.78647
Eastern Cape,Police,Matatiele,Matatiele,"039-7379932, 039-7379901",-30.34362,28.80508
Eastern Cape,Police,Mbizana,Mbizana,"039-2510218, 039-2510212",-30.85428,29.85939
Eastern Cape,Police,Mbizeni,Mbizeni,"039-2573090, 039-2573091",-30.75569,28.36188
Eastern Cape,Police,Mdantsane,Mdantsane,043-7087000,-32.94867,27.77583
Eastern Cape,Police,Middelburg,Middelburg,"049-8021104, 049-8021113",-31.49245,25.00611
Eastern Cape,Police,Middledrift,Middledrift,040-6573065,-32.81951,26.9905
Eastern Cape,Police,Mlungisi,Mlungisi,045-8078606,-31.91098,26.8652555
Eastern Cape,Police,Molteno,Molteno,045-9670018,-31.39491,26.36142
Eastern Cape,Police,Mooiplaas,Mooiplaas,043-8511541,-32.7383,28.05225
Eastern Cape,Police,Motherwell,Motherwell,"041-4076402, 041-4076408",-33.79664,25.58419
Eastern Cape,Police,Mount Ayliff,Mount Ayliff,"039-2540311, 039-2540313",-30.81069,29.36962
Eastern Cape,Police,Mount Fletcher,Mount Fletcher,"039-2570194, 039-2570020",-30.69057,28.50988
Eastern Cape,Police,Mount Frere,Mount Frere,"039-2550051, 039-2550550",-30.9068,28.99125
Eastern Cape,Police,Mount Road,Mount Road,"041-3946316, 041-3946605",-33.95494,25.59516
Eastern Cape,Police,Moyeni,Moyeni,"040-6761066, 040-6761088",-33.48006,27.13021
Eastern Cape,Police,Mpisi,Mpisi,"039-2516003, 039-2513844",-31.14658,29.93013
Eastern Cape,Police,Mqanduli,Mqanduli,047-5730003,-31.81916,28.76291
Eastern Cape,Police,Msobomvu,Msobomvu,047-4920660,-32.32437,28.186
Eastern Cape,Police,Mthatha,Mthatha,"047-5011001, 047-5011010",-31.58173,28.77164
Eastern Cape,Police,Mtontsasa,Mtontsasa,039-2522031,-31.20766,29.7024
Eastern Cape,Police,Mzamba,Mzamba,039-3056026,-31.07529,30.18437
Eastern Cape,Police,Ndevana,Ndevana,040- 6473900,-32.91955,27.48999
Eastern Cape,Police,Nemato,Nemato,046-6241238,-33.57672,26.89275
Eastern Cape,Police,New Brighton,New Brighton,"041-3947305, 041-3947315",-33.90752,25.5845
Eastern Cape,Police,Ngangelizwe,Ngangelizwe,"047-5350334, 047-5350149",-31.60532,28.79572
Eastern Cape,Police,Ngcobo,Ngcobo,"047-5485815, 047-5485806",-31.67635,27.99961
Eastern Cape,Police,Ngqamakhwe,Ngqamakhwe,"047-4870035, 047-4875217",-32.20241,27.94282
Eastern Cape,Police,Ngqeleni,Ngqeleni,"047-5684936, 047-5680003",-31.67193,29.03225
Eastern Cape,Police,Ntabankulu,Ntabankulu,039-2580002,-30.95517,29.30275
Eastern Cape,Police,Ntabethemba,Ntabethemba,"040-8459901, 040-8451300",-32.03171,26.48029
Eastern Cape,Police,Palmietfontein,Palmietfontein,051-6111909,-30.42178,27.54181
Eastern Cape,Police,Patensie,Patensie,"042-2838400, 042-2838429",-33.75645,24.81577
Eastern Cape,Police,Paterson,Paterson,041-2351010,-33.43978,25.96983
Eastern Cape,Police,Pearston,Pearston,042-2461101,-32.58076,25.13783
Eastern Cape,Police,Peddie,Peddie,"040-6733311, 040-6733502",-33.19855,27.11446
Eastern Cape,Police,Phumalanga,Phumalanga,051-6111702,-30.57749,27.57751
Eastern Cape,Police,Port Alfred,Port Alfred,046-6042001,-33.59043,26.88904
Eastern Cape,Police,Port St Johns,Port St Johns,"047-5641189, 047-5646200",-31.62894,29.54424
Eastern Cape,Police,Punzana,Punzana,040-6548015,-33.06903,27.44577
Eastern Cape,Police,Queenstown,Queenstown,045-8086030,-31.89704,26.87144
Eastern Cape,Police,Qumbu,Qumbu,"047-5537736, 047-5530178",-31.16497,28.87266
Eastern Cape,Police,Rhodes,Rhodes,045-9749001,-30.79379,27.96674
Eastern Cape,Police,Riebeeck East,Riebeeck East,046-6227878,-33.20341,26.15276
Eastern Cape,Police,Rietbron,Rietbron,044-9341005,-32.90126,23.1522
Eastern Cape,Police,Rossouw,Rossouw,045-9441032,-31.16777,27.27997
Eastern Cape,Police,Scenery Park,Scenery Park,043-7456001,-32.99147,27.82177
Eastern Cape,Police,Seafield,Seafield,"046-6751113, 046-6751218",-33.53064,27.04722
Eastern Cape,Police,Seven Fountains,Seven Fountains,046-6227333,-33.44057,26.3261
Eastern Cape,Police,Seymour,Seymour,040-8639001,-32.55177,26.76792
Eastern Cape,Police,Somerset East,Somerset East,042-2432233,-32.7182,25.59114
Eastern Cape,Police,St Francis Bay,St Francis Bay,"042-2001819, 042-2001817",-34.16691,24.82673
Eastern Cape,Police,Sterkspruit,Sterkspruit,051-6119200,-30.52837,27.37134
Eastern Cape,Police,Sterkstroom,Sterkstroom,045-9660006,-31.55052,26.55598
Eastern Cape,Police,Steve Vukile Tshwete,Steve Vukile Tshwete,040-6360012,-32.72903,27.46567
Eastern Cape,Police,Steynsburg,Steynsburg,048-8840011,-31.29284,25.82328
Eastern Cape,Police,Steytlerville,Steytlerville,049-8350004,-33.32752,24.34185
Eastern Cape,Police,Storms River,Storms River,042-2817700,-33.97407,23.8889
Eastern Cape,Police,Stutterheim,Stutterheim,043-6831996/2828,-32.57118,27.42741
Eastern Cape,Police,Sulenkama,Sulenkama,047-5570465,-31.01688,28.68437
Eastern Cape,Police,Swartkops,Swartkops,041-4088331/2,-33.85136,25.60443
Eastern Cape,Police,Tabankulu,Tabankulu,039-2580002,-30.95858,29.30277
Eastern Cape,Police,Tabase,Tabase,039-2573011,-30.52585,28.31933
Eastern Cape,Police,Tamara,Tamara,040-6597093/7080,-32.97844,27.28339
Eastern Cape,Police,Tarkastad,Tarkastad,045-8460018,-32.00705,26.25755
Eastern Cape,Police,Thomas River,Thomas River,045-8432171,-32.45155,27.25308
Eastern Cape,Police,Thornhill,Thornhill,042-2866200/3,-33.90226,25.14084
Eastern Cape,Police,Thornhill Ciskei,Thornhill Ciskei,040-2450010,-31.98433,26.6089
Eastern Cape,Police,Tina Falls,Tina Falls,047-5530041/53,-31.22086,29.02187
Eastern Cape,Police,Tsolo,Tsolo,047-5420003,-31.31138,28.75858
Eastern Cape,Police,Tsomo,Tsomo,047-4880002,-32.03707,27.81802
Eastern Cape,Police,Tyefu,Tyefu,040-6750147,-33.12668,26.90461
Eastern Cape,Police,Tylden,Tylden,045-8397111,-32.11508,27.0706
Eastern Cape,Police,Ugie,Ugie,045-9331148,-31.19953,28.2349
Eastern Cape,Police,Uitenhage,Uitenhage,041-9963438,-33.76565,25.40085
Eastern Cape,Police,Venterstad,Venterstad,051-6540091,-30.77378,25.80117
Eastern Cape,Police,Vulindlela,Vulindlela,043-7620200,-32.92197,27.71242
Eastern Cape,Police,Walmer,Walmer,041-5094005/7/8,-33.97903,25.58483
Eastern Cape,Police,Whittlesea,Whittlesea,040-8426138,-32.17097,26.82443
Eastern Cape,Police,Willowmore,Willowmore,044-9238100/8044,-33.29543,23.48728
Eastern Cape,Police,Willowvale,Willowvale,047-4996200,-32.267,28.50661
Eastern Cape,Police,Wolwefontein,Wolwefontein,049-8380087,-33.29291,24.82834
Eastern Cape,Police,Zamuxolo,Zamuxolo,039-2573013,-30.59053,28.26695
Eastern Cape,Police,Zele,Zele,040-6362598,-32.77056,27.37591
Eastern Cape,Police,Zwelitsha,Zwelitsha,040-6551925,-32.91425,27.42121
Free State,Police,Allanridge,Allanridge,057-4523812,-27.75013,26.64818
Free State,Police,Arlington,Arlington,058-4531160,-28.02889,27.85058
Free State,Police,Bainsvlei,Bainsvlei,"051-4096001, 051-4096002",-29.06613,26.12837
Free State,Police,Batho,Batho,051-4097316,-29.13468,26.22531
Free State,Police,Bayswater,Bayswater,051-4062601,-29.08896,26.23033
Free State,Police,Bethlehem,Bethlehem,058-3075829,-28.23108,28.30889
Free State,Police,Bethulie,Bethulie,051-7637510,-30.49887,25.97663
Free State,Police,Bloemspruit,Bloemspruit,"051-5034000,051-5034001",-29.1395,26.27852
Free State,Police,Boithuso,Boithuso,051-5358102,-29.25967,26.67399
Free State,Police,Boshof,Boshof,053-5412017,-28.54034,25.23967
Free State,Police,Bothaville,Bothaville,"056-5149421, 056-5149422",-27.38891,26.61423
Free State,Police,Botshabelo,Botshabelo,051-5315802,-29.2362,26.71606
Free State,Police,Brandfort,Brandfort,"051-8218200, 051-8218201",-28.7031,26.45913
Free State,Police,Bronville,Bronville,057-9109925,-27.99683,26.81762
Free State,Police,Bultfontein,Bultfontein,057-9109830,-28.29346,26.15286
Free State,Police,Clarens,Clarens,058-2566006,-28.5154,28.41983
Free State,Police,Clocolan,Clocolan,051-9439200,-28.91602,27.56798
Free State,Police,Cornelia,Cornelia,058-8419028,-27.23861,28.85422
Free State,Police,Dealesville,Dealesville,051-8118316,-28.67602,25.76379
Free State,Police,Deneysville,Deneysville,"016-9746200, 016-9746201",-26.88716,28.09493
Free State,Police,Dewetsdorp,Dewetsdorp,051-5415400,-29.58358,26.66246
Free State,Police,Edenburg,Edenburg,051-7437800,-29.73567,25.93462
Free State,Police,Edenville,Edenville,056-6310005,-27.55535,27.67408
Free State,Police,Excelsior,Excelsior,051-9739201,-28.9382,27.06109
Free State,Police,Fauresmith,Fauresmith,"051-7232300, 051-7232316",-29.74649,25.31122
Free State,Police,Ficksburg,Ficksburg,"051-9339601, 051-9339602",-28.87051,27.87397
Free State,Police,Fouriesburg,Fouriesburg,058-2238303,-28.61588,28.20841
Free State,Police,Gariepdam,Gariepdam,051-7547101,-30.5913,25.49178
Free State,Police,Glen,Glen,"051-8618200, 051-8618202",-28.93999,26.33199
Free State,Police,Goedemoed,Goedemoed,"051-6315100, 051-6315116",-30.55924,26.40335
Free State,Police,Harrismith,Harrismith,058-6241000,-28.26961,29.12786
Free State,Police,Heidedal,Heidedal,051-4097213,-29.14242,26.25019
Free State,Police,Heilbron,Heilbron,"058-8535200, 058-8535228",-27.28279,27.96707
Free State,Police,Hennenman,Hennenman,057-5739100,-27.97913,27.02748
Free State,Police,Hertzogville,Hertzogville,053-4214804,-28.13091,25.50616
Free State,Police,Heuningspruit,Heuningspruit,056-2132393,-27.44889,27.42303
Free State,Police,Hobhouse,Hobhouse,"051-9831300, 051-9831301",-29.52845,27.14284
Free State,Police,Hoopstad,Hoopstad,"053-4442800, 053-4442801",-27.83669,25.90546
Free State,Police,Jacobsdal,Jacobsdal,"053-5919316, 053-5919300",-29.13018,24.77064
Free State,Police,Jagersfontein,Jagersfontein,051-7249000,-29.76054,25.42291
Free State,Police,Kagisanong,Kagisanong,051-4095601,-29.18293,26.23517
Free State,Police,Kestell,Kestell,058-6538201,-28.31452,28.70516
Free State,Police,Koffiefontein,Koffiefontein,"053-2059601, 053-2059616",-29.40948,25.00308
Free State,Police,Kommissiepoort,Kommissiepoort,051-9242002,-29.32488,27.28657
Free State,Police,Kopanong,Kopanong,051-4232015,-29.18644,26.25326
Free State,Police,Koppies,Koppies,056-7772811,-27.24265,27.57533
Free State,Police,Kroonstad,Kroonstad,"056-2165501, 056-2165502",-27.66893,27.23468
Free State,Police,Ladybrand,Ladybrand,"051-9234000, 051-9234001",-29.19591,27.4568
Free State,Police,Lindley,Lindley,"057-9109700, 057-9109701",-27.88343,27.92071
Free State,Police,Luckhoff,Luckhoff,"053-2062916, 053-2062917",-29.7515,24.78995
Free State,Police,Mafube,Mafube,"058-8139600, 058-8139624",-27.26838,28.50321
Free State,Police,Makwane,Makwane,058-7134454,-28.53211,28.88045
Free State,Police,Mangaung,Mangaung,051-4064401,-29.15674,26.24956
Free State,Police,Maokeng,Maokeng,056-2167200,-27.65223,27.20998
Free State,Police,Marquard,Marquard,051-9919400,-28.66536,27.4259
Free State,Police,Meloding,Meloding,057-9107200,-28.13308,26.89475
Free State,Police,Memel,Memel,"058-9248902, 058-9248904",-27.68155,29.56703
Free State,Police,Namahadi,Namahadi,"058-7181701, 058-7181702",-28.58345,28.82841
Free State,Police,Navalsig,Navalsig,051-4061200,-29.10568,26.23765
Free State,Police,Odendaalsrus,Odendaalsrus,"057-9162400, 057-9162450",-27.87226,26.68751
Free State,Police,Oranjeville,Oranjeville,"016-9746240, 016-9746241",-26.98908,28.20446
Free State,Police,Parkweg,Parkweg,051-5076027,-29.11994,26.21159
Free State,Police,Parys,Parys,056-8162504,-26.89837,27.4567
Free State,Police,Paul Roux,Paul Roux,058-4711402,-28.29686,27.95304
Free State,Police,Petrus Steyn,Petrus Steyn,"057-9109820, 057-9109821",-27.64711,28.13161
Free State,Police,Petrusburg,Petrusburg,053-5749918,-29.11293,25.41366
Free State,Police,Philippolis,Philippolis,"051-7739101, 051-7739103",-30.26739,25.27314
Free State,Police,Phuthaditjhaba,Phuthaditjhaba,058-7180804,-28.51524,28.82656
Free State,Police,Reddersburg,Reddersburg,"051-5535001, 051-5535016",-29.65303,26.16737
Free State,Police,Reitz,Reitz,"058-8638000, 058-8638001",-27.79927,28.43171
Free State,Police,Roadside,Roadside,058-9132940,-27.51842,28.8493
Free State,Police,Rosendal,Rosendal,"058-2111101, 058-2111130",-28.50406,27.9302
Free State,Police,Rouxville,Rouxville,051-6636110,-30.42054,26.83419
Free State,Police,Sasolburg,Sasolburg,"016-9701035, 016-9701031",-26.81351,27.82882
Free State,Police,Selosesha,Selosesha,051-8739107,-29.19424,26.81939
Free State,Police,Senekal,Senekal,"058-4816201, 058-4816250",-28.3212,27.6226
Free State,Police,Smithfield,Smithfield,"051-6836216, 051-6836217",-30.20976,26.53167
Free State,Police,Soutpan,Soutpan,051-8311122,-28.72135,26.06093
Free State,Police,Springfontein,Springfontein,051-7897900,-30.26625,25.70502
Free State,Police,Steunmekaar,Steunmekaar,051-7240700,-29.49944,25.52628
Free State,Police,Steynsrus,Steynsrus,056-2165741,-27.95346,27.56381
Free State,Police,Thaba-Nchu,Thaba-Nchu,"051-8757201, 051-8757204",-29.2112,26.84379
Free State,Police,Thabong,Thabong,"057-9102397, 057-9102398",-27.97483,26.78051
Free State,Police,Theunissen,Theunissen,"057-7336409, 057-7336407",-28.40042,26.71208
Free State,Police,Tierpoort,Tierpoort,051-5641004,-29.44394,26.09008
Free State,Police,Trompsburg,Trompsburg,"051-7139816, 051-7139810",-30.03372,25.78074
Free State,Police,Tseki,Tseki,058-7210017,-28.58429,28.77262
Free State,Police,Tseseng,Tseseng,058-7184470,-28.62038,28.85396
Free State,Police,Tumahole,Tumahole,056-8198881x145,-26.92008,27.48537
Free State,Police,Tweeling,Tweeling,058-8811207,-27.5544,28.51549
Free State,Police,Tweespruit,Tweespruit,"051-4112940, 051-4112941",-29.18634,27.02513
Free State,Police,Van Stadensrus,Van Stadensrus,"051-5841102, 051-5841106",-29.9874,27.01634
Free State,Police,Ventersburg,Ventersburg,"057-9107147, 057-9107141",-28.08577,27.13605
Free State,Police,Verkeerdevlei,Verkeerdevlei,051-8418417,-28.83224,26.77901
Free State,Police,Verkykerskop,Verkykerskop,"058-6250002, 058-6250003",-27.91964,29.28102
Free State,Police,Vierfontein,Vierfontein,"018-4066500, 018-4066501",-27.08004,26.75187
Free State,Police,Viljoensdrif,Viljoensdrif,016-4571334,-26.72698,27.92026
Free State,Police,Viljoenskroon,Viljoenskroon,"056-3439300, 056-3439301",-27.20688,26.94658
Free State,Police,Villiers,Villiers,"058-8213001, 058-8213002",-27.02611,28.59953
Free State,Police,Virginia,Virginia,"057-2124333, 057-2210155",-28.10392,26.87201
Free State,Police,Vrede,Vrede,058-9138502,-27.42321,29.16897
Free State,Police,Vredefort,Vredefort,"056-2165700, 056-2165701",-27.00656,27.36753
Free State,Police,Wanda,Wanda,053-2049500,-29.60004,24.43268
Free State,Police,Warden,Warden,058-6439511,-27.85385,28.96409
Free State,Police,Welkom,Welkom,057-3916085,-27.97365,26.73691
Free State,Police,Wepener,Wepener,"051-5835218, 051-5835219",-29.73115,27.037
Free State,Police,Wesselsbron,Wesselsbron,"057-9109880, 057-9109881",-27.85679,26.36327
Free State,Police,Winburg,Winburg,"051-8818101, 051-8818150",-28.52163,27.0096
Free State,Police,Zamdela,Zamdela,016-9746026,-26.84416,27.85671
Free State,Police,Zastron,Zastron,"051-6739700, 051-6739713",-30.30455,27.08167
Gauteng,Police,Actonville,Actonville,011-4213502,-26.21198,28.29975
Gauteng,Police,Akasia,Akasia,"012-5640711, 012-5640728",-25.62571,28.09538
Gauteng,Police,Alberton,Alberton,011-8616800,-26.26088,28.12692
Gauteng,Police,Alexandra,Alexandra,011-3217621,-26.10548,28.10089
Gauteng,Police,Atteridgeville,Atteridgeville,012-3732400,-25.77462,28.07173
Gauteng,Police,Bedfordview,Bedfordview,011-4572299,-26.1796,28.13719
Gauteng,Police,Bekkersdal,Bekkersdal,011-7550000,-26.287108,27.6987305
Gauteng,Police,Benoni,Benoni,011-7470220,-26.19655,28.31337
Gauteng,Police,Boipatong,Boipatong,016-9302338,-26.66959,27.84344
Gauteng,Police,Boksburg,Boksburg,011-8416800,-26.22025,28.23787
Gauteng,Police,Boksburg North,Boksburg North,"011-8983008, 011-8983009",-26.206,28.25302
Gauteng,Police,Booysens,Booysens,"011-4335200, 011-4335223",-26.23361,28.02202
Gauteng,Police,Boschkop,Boschkop,012-8028230,-25.81666,28.40709
Gauteng,Police,Brackendowns,Brackendowns,011-6175600,-26.34619,28.09636
Gauteng,Police,Brakpan,Brakpan,011-7444940,-26.23481,28.36257
Gauteng,Police,Bramley,Bramley,"011-4454113, 011-4454115",-26.12079,28.08413
Gauteng,Police,Brixton,Brixton,011-8374427,-26.19278,27.99355
Gauteng,Police,Bronkhorstspruit,Bronkhorstspruit,"013-9329222, 013-9329220",-25.80898,28.74566
Gauteng,Police,Brooklyn,Brooklyn,012-3661700,-25.7556,28.2377
Gauteng,Police,Carletonville,Carletonville,018-7879300,-26.35839,27.39859
Gauteng,Police,Cleveland,Cleveland,011-6225680,-26.20398,28.11556
Gauteng,Police,Cosmo City,Cosmo City,011-8759941,-26.072794,27.920036
Gauteng,Police,Crystalpark,Crystalpark,011-9694880,-26.12412,28.37297
Gauteng,Police,Cullinan,Cullinan,012-7340751,-25.67528,28.52028
Gauteng,Police,Daveyton,Daveyton,011-8459800,-26.15328,28.4156
Gauteng,Police,Dawn Park,Dawn Park,011-8628000; 011-8628017,-26.315,28.2477
Gauteng,Police,De Deur,De Deur,016-5909209,-26.51511,27.91079
Gauteng,Police,Devon,Devon,"017-6888007, 017-6888019",-26.3563,28.78603
Gauteng,Police,Diepkloof,Diepkloof,011-9851070,-26.23883,27.94192
Gauteng,Police,Diepsloot,Diepsloot,011-3676300,-25.92322,28.02203
Gauteng,Police,Dobsonville,Dobsonville,011-9886065,-26.2155,27.8704
Gauteng,Police,Douglasdale,Douglasdale,011-6991333,-26.0263,27.9907
Gauteng,Police,Dube,Dube,012-7043000,-25.40502,28.02384
Gauteng,Police,Duduza,Duduza,011-7304700,-26.3754,28.4177
Gauteng,Police,Dunnottar,Dunnottar,011-7379609,-26.35129,28.4388
Gauteng,Police,Edenpark,Edenpark,011-4391800,-26.3766,28.1281
Gauteng,Police,Edenvale,Edenvale,011-4538563,-26.14829,28.14885
Gauteng,Police,Eersterust,Eersterust,"012-8061020, 012-8061021",-25.70602,28.3189
Gauteng,Police,Ekangala,Ekangala,013-9344138,-25.69136,28.74155
Gauteng,Police,Eldorado Park,Eldorado Park,011-9451170,-26.29105,27.90082
Gauteng,Police,Elsburg,Elsburg,011-8272306,-26.24517,28.19877
Gauteng,Police,Ennerdale,Ennerdale,011-8551055,-26.40392,27.83225
Gauteng,Police,Erasmia,Erasmia,"012-3701777, 012-3701075",-25.81177,28.09258
Gauteng,Police,Etwatwa,Etwatwa,011-7468900,-26.11999,28.4642
Gauteng,Police,Evaton,Evaton,016-5961042,-26.54172,27.85719
Gauteng,Police,Fairland,Fairland,"011-4789400, 011-4789411",-26.14423,27.9375
Gauteng,Police,Florida,Florida,011-8317000,-26.1693,27.9051
Gauteng,Police,Fochville,Fochville,018-7711100,-26.4879,27.49416
Gauteng,Police,Ga-Rankuwa,Ga-Rankuwa,012-7978800,-25.59973,27.99901
Gauteng,Police,Garsfontein,Garsfontein,"012-474200, 012-4704220",-25.78853,28.2891
Gauteng,Police,Germiston,Germiston,"011-8715003, 011-8715004",-26.21722,28.16174
Gauteng,Police,Hammanskraal,Hammanskraal,"012-4328787, 012-4328767",-25.40479,28.27506
Gauteng,Police,Heidelberg,Heidelberg,"016-3410361, 016-3410350",-26.49652,28.35413
Gauteng,Police,Hekpoort,Hekpoort,014-5769100,-25.8961,27.61817
Gauteng,Police,Hercules,Hercules,"012-3793100, 012-3774112",-25.71914,28.1488
Gauteng,Police,Hillbrow,Hillbrow,011-4886511,-26.18823,28.04464
Gauteng,Police,Honeydew,Honeydew,011-8018400,-26.0732,27.9201
Gauteng,Police,Int Airport Jhb,Int Airport Jhb,011-9775434,-26.136536,28.240449
Gauteng,Police,Ivory Park,Ivory Park,"011-9909600, 011-9909606",-25.99001,28.20162
Gauteng,Police,Jabulani,Jabulani,011-5277000,-26.2482,27.8583
Gauteng,Police,Jeppe,Jeppe,"011-6246000, 011-6246060",-26.20225,28.06046
Gauteng,Police,Johannesburg Central,Johannesburg Central,011-4977000,-26.20676,28.0311
Gauteng,Police,Kagiso,Kagiso,011-6969000,-26.16425,27.78162
Gauteng,Police,Kameeldrift,Kameeldrift,012-8198213,-25.65062,28.30718
Gauteng,Police,Katlehong,Katlehong,011-6173600,-26.3619,28.1571
Gauteng,Police,Katlehong North,Katlehong North,011-6173763,-26.314697,28.1567666
Gauteng,Police,Kempton Park,Kempton Park,"011-3938800, 011-3938801",-26.10141,28.23211
Gauteng,Police,Khutsong,Khutsong,"018-7839000, 018-7839021",-26.34301,27.33051
Gauteng,Police,Kliprivier,Kliprivier,011-9038205,-26.42027,28.08452
Gauteng,Police,Kliptown,Kliptown,011-9454489,-26.28229,27.88838
Gauteng,Police,Krugersdorp,Krugersdorp,"011-9511151, 011-9511152",-26.0994,27.766
Gauteng,Police,Kwa Thema,Kwa Thema,011-8124600,-26.27889,28.39438
Gauteng,Police,Langlaagte,Langlaagte,011-4736211,-26.20815,27.98447
Gauteng,Police,Laudium,Laudium,"012-3749846, 012-3749847",-25.78555,28.09789
Gauteng,Police,Lenasia,Lenasia,011-2136000,-26.32228,27.82496
Gauteng,Police,Lenasia South,Lenasia South,010-2301000,-26.39441,27.85891
Gauteng,Police,Linden,Linden,"011-8889211, 011-8889212",-26.11922,27.9937
Gauteng,Police,Loate,Loate,012-7977800,-25.4951,28.07368
Gauteng,Police,Lyttelton,Lyttelton,012-6448600,-25.83904,28.19868
Gauteng,Police,Mabopane,Mabopane,"012-7251042, 012-7021375",-25.511,28.0575
Gauteng,Police,Magaliesburg,Magaliesburg,"014-5775136, 014-5775137",-25.99744,27.53867
Gauteng,Police,Mamelodi,Mamelodi,012-8129000,-25.71422,28.34826
Gauteng,Police,Mamelodi East,Mamelodi East,"012-8157079, 012-8157080",-25.71357,28.39609
Gauteng,Police,Meadowlands,Meadowlands,"011-9833374, 011-9833375",-26.22145,27.90026
Gauteng,Police,Meyerton,Meyerton,016-3620126,-26.55567,28.01492
Gauteng,Police,Midrand,Midrand,011-3471600,-25.99321,28.12012
Gauteng,Police,Moffat View,Moffat View,011-4051546,-26.24153,28.088771
Gauteng,Police,Mondeor,Mondeor,"011-4335400,",-26.27615,28.01003
Gauteng,Police,Moroka,Moroka,011-5270000,-26.2681,27.8755
Gauteng,Police,Muldersdrift,Muldersdrift,011-9524600,-26.03846,27.85052
Gauteng,Police,Naledi,Naledi,"011-5278600, 011-5278603",-26.2545,27.8321
Gauteng,Police,Nigel,Nigel,"011-8126500, 011-8126503",-26.42076,28.47217
Gauteng,Police,Norkem Park,Norkem Park,011-3911814,-26.05456,28.22334
Gauteng,Police,Norwood,Norwood,011-4834600,-26.1612,28.07833
Gauteng,Police,Olievenhoutbosch,Olievenhoutbosch,"012-6520070, 012-6520078",-25.9176,28.0955
Gauteng,Police,Olifantsfontein,Olifantsfontein,011-3168020,-25.95135,28.23211
Gauteng,Police,Orange Farms,Orange Farms,011-2138025,-26.47848,27.8672
Gauteng,Police,Orlando,Orlando,011-9834800,-26.23877,27.91915
Gauteng,Police,Parkview,Parkview,011-0676000,-26.15951,28.02657
Gauteng,Police,Pretoria Central,Pretoria Central,012-3534233,-25.74846,28.18472
Gauteng,Police,Pretoria Moot,Pretoria Moot,012-3535441,-25.71295,28.21685
Gauteng,Police,Pretoria North,Pretoria North,"012-3535600, 0123535666",-25.67133,28.174
Gauteng,Police,Pretoria West,Pretoria West,"012-3274907, 012-3274908",-25.74808,28.158
Gauteng,Police,Primrose,Primrose,011-8420500,-26.18914,28.15795
Gauteng,Police,Protea Glen,Protea Glen,"011-9869272, 011-9869575",-26.27697,27.83896
Gauteng,Police,Putfontein,Putfontein,011-8456315,-26.10332,28.41908
Gauteng,Police,Rabie Ridge,Rabie Ridge,"011-3100410, 011-3100420",-26.0206,28.17065
Gauteng,Police,Randburg,Randburg,011-4499000,-26.0765,27.997
Gauteng,Police,Randfontein,Randfontein,"011-7672300, 011-7672379",-26.18076,27.7062
Gauteng,Police,Ratanda,Ratanda,"016-3436000, 016-3436020",-26.55351,28.32785
Gauteng,Police,Reigerpark,Reigerpark,"011-9167000, 011-9167048",-26.22976,28.22545
Gauteng,Police,Rietgat,Rietgat,"012-4327806, 012-4327807",-25.49786,28.09001
Gauteng,Police,Roodepoort,Roodepoort,"011-2796521, 011-2796532",-26.15501,27.8735
Gauteng,Police,Rosebank,Rosebank,"011-7784700, 011-7784730",-26.14538,28.03842
Gauteng,Police,Sandringham,Sandringham,"011-7194800, 011-7194821",-26.13648,28.11834
Gauteng,Police,Sandton,Sandton,"011-7224200, 011-7224331",-26.08026,28.0615
Gauteng,Police,Sebenza,Sebenza,011-4006000,-26.1325,28.1819
Gauteng,Police,Sebokeng,Sebokeng,016-9881340,-26.60924,27.84813
Gauteng,Police,Sharpeville,Sharpeville,016-4512717,-26.68133,27.87801
Gauteng,Police,Silverton,Silverton,012-8454000,-25.73355,28.29632
Gauteng,Police,Sinoville,Sinoville,012-5438800,-25.67601,28.22617
Gauteng,Police,Sophia Town,Sophia Town,"011-6706398, 011-6706401",-26.17733,27.97173
Gauteng,Police,Soshanguve,Soshanguve,012-7301319,-25.5287,28.1126
Gauteng,Police,Springs,Springs,011-8116600,-26.24489,28.44266
Gauteng,Police,Sunnyside,Sunnyside,012-4223600,-25.75444,28.2077
Gauteng,Police,Tarlton,Tarlton,011-9520012,-26.09221,27.66759
Gauteng,Police,Temba,Temba,"012-7179028, 012-7179029",-25.38881,28.26037
Gauteng,Police,Tembisa,Tembisa,"011-9262970, 011-9262971",-26.00749,28.22014
Gauteng,Police,Tembisa South,Tembisa South,011-5714102,-26.025975,28.208876
Gauteng,Police,The Barrage,The Barrage,016-9876720,-26.76453,27.6795
Gauteng,Police,Tokoza,Tokoza,011-9068600,-26.32987,28.14338
Gauteng,Police,Tsakane,Tsakane,"011-3635347, 011-3635348",-26.35194,28.36975
Gauteng,Police,Vaal Marina,Vaal Marina,163729021,-26.87308,28.2312399
Gauteng,Police,Vanderbijlpark,Vanderbijlpark,"016-9109014, 016-9109046",-26.69897,27.83306
Gauteng,Police,Vereeniging,Vereeniging,"016-4502263, 016-4502262",-26.67931,27.92999
Gauteng,Police,Villieria,Villieria,012-4038600,-25.718203,28.245436
Gauteng,Police,Vosloorus,Vosloorus,"011-7241004, 011-7241005",-26.3423,28.211
Gauteng,Police,Wedela,Wedela,018-7809000,-26.4567,27.383
Gauteng,Police,Welbekend,Welbekend,011-9642050,-25.96476,28.46994
Gauteng,Police,Westonaria,Westonaria,"011-2785396, 011-2785395",-26.323,27.65058
Gauteng,Police,Wierdabrug,Wierdabrug,012-6850015,-25.82374,28.15524
Gauteng,Police,Wonderboompoort,Wonderboompoort,012-3352812,-25.70428,28.18587
Gauteng,Police,Yeoville,Yeoville,011-4810300,-26.1829,28.06281
Gauteng,Police,Zonkizizwe,Zonkizizwe,011-9035201,-26.40597,28.17933
Kwazulu-Natal,Police,Alexandra Road,Alexandra Road,033-8457703,-29.61901,30.38773
Kwazulu-Natal,Police,Amangwe,Amangwe,036-4881024,-28.94127,29.61758
Kwazulu-Natal,Police,Amanzimtoti,Amanzimtoti,031-9131308,-30.05182,30.88011
Kwazulu-Natal,Police,Babanango,Babanango,035-8350003,-28.37593,31.08263
Kwazulu-Natal,Police,Bayview,Bayview,031-4057211,-29.92278,30.9117
Kwazulu-Natal,Police,Bellair,Bellair,031-451 2814,-29.88968,30.94137
Kwazulu-Natal,Police,Berea,Berea,"031-2771060,031-2771063",-29.84813,31.00409
Kwazulu-Natal,Police,Bergville,Bergville,036-4489421,-28.73144,29.35523
Kwazulu-Natal,Police,Besters,Besters,036-6373258,-28.43673,29.64116
Kwazulu-Natal,Police,Bhekithemba,Bhekithemba,031-9099901,-29.97721,30.86016
Kwazulu-Natal,Police,Bishopstowe,Bishopstowe,033-3903521,-29.58422,30.47682
Kwazulu-Natal,Police,Boston,Boston,033-9971721,-29.68509,30.04722
Kwazulu-Natal,Police,Brighton Beach,Brighton Beach,"031-4518072,031-4518060",-29.93649,31.00619
Kwazulu-Natal,Police,Bulwer,Bulwer,039-8320007,-29.8118,29.76945
Kwazulu-Natal,Police,Camperdown,Camperdown,"031-7859009,031-7859019",-29.72907,30.54127
Kwazulu-Natal,Police,Cato Manor,Cato Manor,031-2037350,-29.86012,30.968
Kwazulu-Natal,Police,Ceza,Ceza,"035-8320045,035-8320046",-27.99503,31.37832
Kwazulu-Natal,Police,Charlestown,Charlestown,017-7354211,-27.41557,29.87355
Kwazulu-Natal,Police,Chatsworth,Chatsworth,031-4514205,-29.91231,30.88538
Kwazulu-Natal,Police,Colenso,Colenso,036-4222222,-28.73492,29.82205
Kwazulu-Natal,Police,Cramond,Cramond,033-5691666,-29.41448,30.42808
Kwazulu-Natal,Police,Creighton,Creighton,039-8331255,-30.02955,29.84284
Kwazulu-Natal,Police,Dalton,Dalton,033-5011552,-29.34421,30.63626
Kwazulu-Natal,Police,Dannhauser,Dannhauser,034-6216506,-28.01441,30.05658
Kwazulu-Natal,Police,Donnybrook,Donnybrook,"039-8311100,039-8311129",-29.92982,29.87938
Kwazulu-Natal,Police,Dududu,Dududu,039-9740151,-30.19282,30.61743
Kwazulu-Natal,Police,Dundee,Dundee,034-2999700,-28.16235,30.23368
Kwazulu-Natal,Police,Durban Central,Durban Central,"031-3254225,031-3254690",-29.84229,31.02748
Kwazulu-Natal,Police,Durban Harbour,Durban Harbour,031-2061903,-29.861277,31.026753
Kwazulu-Natal,Police,Durban North,Durban North,"031-5608136,031-5608139",-29.77732,31.04827
Kwazulu-Natal,Police,Ekombe,Ekombe,"035-8342006,035-8342007",-28.64461,30.8973
Kwazulu-Natal,Police,Ekuvukeni,Ekuvukeni,034-2613200,-28.4618,30.15365
Kwazulu-Natal,Police,Elandslaagte,Elandslaagte,036-4211733,-28.40129,29.9588
Kwazulu-Natal,Police,Emanguzi,Emanguzi,035-5922010,-26.99803,32.74348
Kwazulu-Natal,Police,Ematimatolo,Ematimatolo,033-4459332,-29.14101,30.82659
Kwazulu-Natal,Police,Ematsheni,Ematsheni,036-4482618,-28.69808,29.1555
Kwazulu-Natal,Police,Emondlo,Emondlo,034-9336200,-27.973904,30.69534
Kwazulu-Natal,Police,Empangeni,Empangeni,"035-9015800,035-9015835",-28.74586,31.88623
Kwazulu-Natal,Police,Eshowe,Eshowe,"035-4734211,035-4734223",-28.90237,31.45689
Kwazulu-Natal,Police,Esikhawini,Esikhawini,"035-7968027,035-7968012",-28.87487,31.90505
Kwazulu-Natal,Police,Estcourt,Estcourt,036-3429548,-29.00566,29.87219
Kwazulu-Natal,Police,Evatt,Evatt,039-9747302,-30.03691,29.35065
Kwazulu-Natal,Police,Ezakheni,Ezakheni,036-6369518,-28.59515,29.9278
Kwazulu-Natal,Police,Ezibayeni,Ezibayeni,035-5621072,-27.99895,32.06748
Kwazulu-Natal,Police,Ezinqoleni,Ezinqoleni,039-5347106,-30.78476,30.12799
Kwazulu-Natal,Police,Folweni,Folweni,031-9000235,-29.99068,30.81185
Kwazulu-Natal,Police,Franklin,Franklin,039-7474333,-30.3176,29.45103
Kwazulu-Natal,Police,Gamalakhe,Gamalakhe,"039-3181130,039-31881123",-30.79986,30.34167
Kwazulu-Natal,Police,Gingindlovu,Gingindlovu,035-3378017,-29.02791,31.58145
Kwazulu-Natal,Police,Glencoe,Glencoe,034-9327700,-28.17932,30.15452
Kwazulu-Natal,Police,Glendale,Glendale,032-9479001,-29.32763,31.11037
Kwazulu-Natal,Police,Gluckstadt,Gluckstadt,"034-9522106, 034-9522107",-27.97561,31.0321
Kwazulu-Natal,Police,Gowan Lea,Gowan Lea,039-2596011,-30.34742,29.70266
Kwazulu-Natal,Police,Greenwood Park,Greenwood Park,031-5716518,-29.78553,31.02431
Kwazulu-Natal,Police,Greytown,Greytown,033-4139000,-29.05913,30.59429
Kwazulu-Natal,Police,Groenvlei,Groenvlei,017-7306909,-27.4621,30.23121
Kwazulu-Natal,Police,Hammersdale,Hammersdale,031-7361191,-29.7957,30.65611
Kwazulu-Natal,Police,Harburg,Harburg,033-5061014,-29.41241,30.7378
Kwazulu-Natal,Police,Harding,Harding,039-4339600,-30.57499,29.88243
Kwazulu-Natal,Police,Hattingspruit,Hattingspruit,"034-2998801,034-2998802",-28.0792,30.124
Kwazulu-Natal,Police,Helpmekaar,Helpmekaar,034-6427500,-28.44667,30.41937
Kwazulu-Natal,Police,Hibberdene,Hibberdene,"039-6999801,039-6999806",-30.57774,30.57051
Kwazulu-Natal,Police,Highflats,Highflats,039-8353262,-30.25922,30.19238
Kwazulu-Natal,Police,Hillcrest,Hillcrest,031-7659100,-29.78427,30.76489
Kwazulu-Natal,Police,Hilton-Kzn,Hilton-Kzn,033-8456522,-29.56531,30.29617
Kwazulu-Natal,Police,Himeville,Himeville,033-7021301,-29.75237,29.51173
Kwazulu-Natal,Police,Hlabisa,Hlabisa,035-8381002,-28.14037,31.85714
Kwazulu-Natal,Police,Hlobane,Hlobane,"034-9679106,034-9679107",-27.73717,31.00971
Kwazulu-Natal,Police,Hluhluwe,Hluhluwe,035-5624300,-28.02034,32.26855
Kwazulu-Natal,Police,Howick,Howick,033-2399341,-29.4885,30.22997
Kwazulu-Natal,Police,Ibisi,Ibisi,"039-2596000,039-2596006",-30.40506,29.88793
Kwazulu-Natal,Police,Impendle,Impendle,033-9960840,-29.6006,29.86545
Kwazulu-Natal,Police,Inanda,Inanda,031-5109603,-29.6968,30.93351
Kwazulu-Natal,Police,Inchanga,Inchanga,031-7834441,-29.74268,30.67873
Kwazulu-Natal,Police,Ingogo,Ingogo,034-3411621,-27.57737,29.91188
Kwazulu-Natal,Police,Ingwavuma,Ingwavuma,035-5910503,-27.13361,31.9975
Kwazulu-Natal,Police,Intsikeni,Intsikeni,039-2597002,-30.13768,29.58809
Kwazulu-Natal,Police,Isipingo,Isipingo,031-9133417,-29.98666,30.92521
Kwazulu-Natal,Police,Ixopo,Ixopo,039-8348809,-30.1548,30.06021
Kwazulu-Natal,Police,Jozini,Jozini,035-5723600,-27.42715,32.06406
Kwazulu-Natal,Police,King Shaka International Airport,King Shaka International Airport,031-4366868,-29.61844,31.10425
Kwazulu-Natal,Police,Kingsley,Kingsley,034-9221717,-27.93065,30.53045
Kwazulu-Natal,Police,Kokstad,Kokstad,"039-7971132,039-7971130",-30.55093,29.42536
Kwazulu-Natal,Police,Kranskop,Kranskop,033-4441604,-28.96604,30.86405
Kwazulu-Natal,Police,Kwadabeka,Kwadabeka,"031-7119912,031-7119905",-29.77619,30.89295
Kwazulu-Natal,Police,Kwadukuza,Kwadukuza,"032-5518200,032-5518206",-29.34719,31.2843
Kwazulu-Natal,Police,Kwamakhutha,Kwamakhutha,031-9057302,-30.0253,30.86804
Kwazulu-Natal,Police,KwaMashu E,KwaMashu E,031-5049802,-29.73592,31.00027
Kwazulu-Natal,Police,Kwambonambi,Kwambonambi,"035-5801222,035-5808051",-28.5988,32.0859
Kwazulu-Natal,Police,Kwamsane,Kwamsane,035-5519010,-28.42857,32.1479
Kwazulu-Natal,Police,Kwandengezi,Kwandengezi,031-7048807,-29.85093,30.76895
Kwazulu-Natal,Police,Ladysmith,Ladysmith,036-6383362,-28.56124,29.77862
Kwazulu-Natal,Police,Lamontville,Lamontville,031-4057001,-29.94046,30.93923
Kwazulu-Natal,Police,Louwsburg,Louwsburg,034-9076100,-27.58069,31.28124
Kwazulu-Natal,Police,Madadeni,Madadeni,034-3296740,-27.762,30.02664
Kwazulu-Natal,Police,Magudu,Magudu,034-4141014,-27.54544,31.64838
Kwazulu-Natal,Police,Mahlabathini,Mahlabathini,035-8730304,-28.2339,31.46908
Kwazulu-Natal,Police,Malvern,Malvern,031-4899614,-29.87456,30.91017
Kwazulu-Natal,Police,Mandeni,Mandeni,032-4567000,-29.15479,31.41142
Kwazulu-Natal,Police,Maphumulo,Maphumulo,032-4814410,-29.15989,31.06624
Kwazulu-Natal,Police,Margate,Margate,039-3129822,-30.86359,30.36415
Kwazulu-Natal,Police,Mariannhill,Mariannhill,031-7172093,-29.86286,30.8353
Kwazulu-Natal,Police,Mayville,Mayville,031-2037381,-29.85207,30.98406
Kwazulu-Natal,Police,Mbazwana,Mbazwana,035-5716112,-27.48081,32.59923
Kwazulu-Natal,Police,Mbongolwane,Mbongolwane,035-4761012,-28.93937,31.20316
Kwazulu-Natal,Police,Mehlomnyama,Mehlomnyama,039-6953001,-30.58681,30.32273
Kwazulu-Natal,Police,Melmoth,Melmoth,035-4503700,-28.59162,31.39876
Kwazulu-Natal,Police,Mid Illovo,Mid Illovo,031-7811710,-29.96608,30.51511
Kwazulu-Natal,Police,Mkhuze,Mkhuze,035-5731088,-27.62258,32.03108
Kwazulu-Natal,Police,Mondlo,Mondlo,034-3267100,-27.97384,30.69569
Kwazulu-Natal,Police,Montclair,Montclair,031-46982103,-29.91872,30.97392
Kwazulu-Natal,Police,Mooi River,Mooi River,"033-2637600,033-2637632",-29.21221,29.99216
Kwazulu-Natal,Police,Mountain Rise,Mountain Rise,033-3879603,-29.5818,30.40203
Kwazulu-Natal,Police,Mpophomeni,Mpophomeni,033-2380078,-29.56264,30.18046
Kwazulu-Natal,Police,Mpumalanga-Kzn,Mpumalanga-Kzn,"031-7718000,031-7718038",-29.81428,30.63633
Kwazulu-Natal,Police,Mpungamhlophe,Mpungamhlophe,"035-4500911,035-4500912",-28.27376,31.25359
Kwazulu-Natal,Police,Msinga,Msinga,033-4930920,-28.74896,30.44199
Kwazulu-Natal,Police,Msinsini,Msinsini,039-6991600,-30.49365,30.51874
Kwazulu-Natal,Police,Mtubatuba,Mtubatuba,035-5506100,-28.41957,32.18481
Kwazulu-Natal,Police,Mtunzini,Mtunzini,"035-3409808,035-3409820",-28.95414,31.75453
Kwazulu-Natal,Police,Muden,Muden,033-4961855,-28.97467,30.36748
Kwazulu-Natal,Police,Ndumo,Ndumo,035-5910001,-26.9201,32.26491
Kwazulu-Natal,Police,Ndwedwe,Ndwedwe,032-5322356,-29.51506,30.93596
Kwazulu-Natal,Police,New Hanover,New Hanover,033-5020011,-29.35433,30.52769
Kwazulu-Natal,Police,Newark,Newark,032-4570320,-29.19994,31.4125
Kwazulu-Natal,Police,Newcastle,Newcastle,034-3146240,-27.76069,29.93826
Kwazulu-Natal,Police,Newlands East,Newlands East,"031-5747111,031-5747100",-29.78514,30.97478
Kwazulu-Natal,Police,Ngome,Ngome,034-9671863,-27.83284,31.38986
Kwazulu-Natal,Police,Nhlanhleni,Nhlanhleni,034-6623200,-28.55147,30.42224
Kwazulu-Natal,Police,Nkandla,Nkandla,035-8330053,-28.62028,31.09171
Kwazulu-Natal,Police,Nondweni,Nondweni,034-2718986,-28.19908,30.80476
Kwazulu-Natal,Police,Nongoma,Nongoma,035-8361006,-27.89904,31.64726
Kwazulu-Natal,Police,Normandien,Normandien,034-3511649,-27.98656,29.78067
Kwazulu-Natal,Police,Nottingham Road,Nottingham Road,"033-2666144,033-2666713",-29.35132,29.99044
Kwazulu-Natal,Police,Nquthu,Nquthu,034-2716000,-28.21219,30.67726
Kwazulu-Natal,Police,Nsuze,Nsuze,032-2949811,-29.37678,30.94349
Kwazulu-Natal,Police,Ntabamhlophe,Ntabamhlophe,036-3534003,-29.10312,29.6086
Kwazulu-Natal,Police,Ntambanana,Ntambanana,035-7928289,-28.60502,31.74294
Kwazulu-Natal,Police,Ntuzuma,Ntuzuma,031-5098516,-29.7344,30.95097
Kwazulu-Natal,Police,Nyoni,Nyoni,032-4559834,-29.07975,31.46301
Kwazulu-Natal,Police,Osizweni,Osizweni,034-3666311,-27.79043,30.12937
Kwazulu-Natal,Police,Paddock,Paddock,039-6791605,-30.7586,30.2498
Kwazulu-Natal,Police,Paulpietersburg,Paulpietersburg,034-9958312,-27.42332,30.81722
Kwazulu-Natal,Police,Phoenix,Phoenix,031-5082318,-29.70143,31.00799
Kwazulu-Natal,Police,Pietermaritzburg,Pietermaritzburg,033-8452424,-29.60476,30.37979
Kwazulu-Natal,Police,Pinetown,Pinetown,"031-3255074,031-3255072",-29.81797,30.87201
Kwazulu-Natal,Police,Plessislaer,Plessislaer,033-3989729,-29.64513,30.33879
Kwazulu-Natal,Police,Point,Point,"031-3674021,031-3674012",-29.86189,31.03983
Kwazulu-Natal,Police,Pongola,Pongola,034-4131201,-27.37626,31.61623
Kwazulu-Natal,Police,Port Edward,Port Edward,039-3115529,-31.05239,30.21723
Kwazulu-Natal,Police,Port Shepstone,Port Shepstone,"039-6881112,039-6881012",-30.73368,30.4489
Kwazulu-Natal,Police,Prestbury,Prestbury,033-8457759,-29.60667,30.33822
Kwazulu-Natal,Police,Richards Bay,Richards Bay,"035-9012475,035-9012492",-28.74824,32.05469
Kwazulu-Natal,Police,Richmond,Richmond,"033-2129455,033-2129456",-29.87238,30.26986
Kwazulu-Natal,Police,Rietvlei,Rietvlei,033-4170712,-29.17992,30.34741
Kwazulu-Natal,Police,Sawoti,Sawoti,039-9719000,-30.27408,30.49026
Kwazulu-Natal,Police,Scottburgh,Scottburgh,"039-9789900,039-9789916",-30.28763,30.75576
Kwazulu-Natal,Police,Southport,Southport,"039-6819900,039-6819912",-30.66458,30.50909
Kwazulu-Natal,Police,St Faiths,St Faiths,039-8350012,-30.52934,30.20243
Kwazulu-Natal,Police,Sundumbili,Sundumbili,032-4547801,-29.13495,31.40266
Kwazulu-Natal,Police,Swartberg,Swartberg,039-7479086,-30.24156,29.33874
Kwazulu-Natal,Police,Sydenham,Sydenham,031-2032707,-29.83128,30.97629
Kwazulu-Natal,Police,Taylors Halt,Taylors Halt,033-5050017,-29.68305,30.19095
Kwazulu-Natal,Police,Thornville,Thornville,033-2510671,-29.73621,30.38723
Kwazulu-Natal,Police,Tongaat,Tongaat,032-9449901,-29.5731,31.11518
Kwazulu-Natal,Police,Town Hill,Town Hill,"033-8457789,033-8457790",-29.58544,30.35122
Kwazulu-Natal,Police,Ulundi,Ulundi,035-8740510,-28.2959,31.42827
Kwazulu-Natal,Police,Umbilo,Umbilo,031-2032409,-29.87218,30.99136
Kwazulu-Natal,Police,Umbumbulu,Umbumbulu,031-9150123,-29.99128,30.70896
Kwazulu-Natal,Police,Umhlali,Umhlali,032-9479900,-29.46864,31.21969
Kwazulu-Natal,Police,Umkomaas,Umkomaas,039-9731011,-30.20719,30.79157
Kwazulu-Natal,Police,Umlazi,Umlazi,"031-9080014,031-9080010",-29.96252,30.92848
Kwazulu-Natal,Police,Umsunduzi,Umsunduzi,031-7828952,-29.6644,30.63848
Kwazulu-Natal,Police,Umzimkhulu,Umzimkhulu,039-2594600,-30.26423,29.93638
Kwazulu-Natal,Police,Umzinto,Umzinto,039-9746500,-30.30925,30.67228
Kwazulu-Natal,Police,Upper Tugela,Upper Tugela,036-4389922,-28.81018,29.15404
Kwazulu-Natal,Police,Utrecht,Utrecht,034-3312010,-27.65619,30.31941
Kwazulu-Natal,Police,Van Reenen,Van Reenen,058-6710007,-28.37872,29.38561
Kwazulu-Natal,Police,Verulam,Verulam,032-5415242,-29.64474,31.04136
Kwazulu-Natal,Police,Vryheid,Vryheid,"034-9895500,034-9895517",-27.76738,30.79561
Kwazulu-Natal,Police,Wartburg,Wartburg,033-5031019,-29.4337,30.5768
Kwazulu-Natal,Police,Wasbank,Wasbank,034-6512100,-28.31341,30.10001
Kwazulu-Natal,Police,Weenen,Weenen,036-3541611,-28.85307,30.08461
Kwazulu-Natal,Police,Wembezi,Wembezi,036-3530100,-29.04502,29.78917
Kwazulu-Natal,Police,Wentworth,Wentworth,031-4516207,-29.94177,30.98088
Kwazulu-Natal,Police,Westville,Westville,031-2677343,-29.82968,30.93246
Kwazulu-Natal,Police,Winterton,Winterton,"036-4881502,036-4881862",-28.81443,29.54016
Limpopo,Police,Alldays,Alldays,015-5751113,-22.68226,29.10417
Limpopo,Police,Apel,Apel,015-6220008,-24.42233,29.78591
Limpopo,Police,Bela-Bela,Bela-Bela,014-7369700,-24.87751,28.29453
Limpopo,Police,Bolobedu,Bolobedu,015-3283020,-23.64412,30.22274
Limpopo,Police,Botlokwa,Botlokwa,015-5268000,-23.49214,29.73967
Limpopo,Police,Bulgerivier,Bulgerivier,014-7553844,-24.12651,27.69389
Limpopo,Police,Burgersfort,Burgersfort,013-2310201,-24.67925,30.32999
Limpopo,Police,Cumberland,Cumberland,014-7790010,-23.976,26.91968
Limpopo,Police,Dennilton,Dennilton,013-9830160,-25.25865,29.14743
Limpopo,Police,Dorset,Dorset,"014-7554935,014-7554972",-24.06064,28.16096
Limpopo,Police,Dwaalboom,Dwaalboom,014-7780600,-24.72708,26.80808
Limpopo,Police,Elandskraal,Elandskraal,013-2680018,-24.71591,29.41198
Limpopo,Police,Gilead,Gilead,015-4269000,-23.48766,28.65649
Limpopo,Police,Giyani,Giyani,015-8115287,-23.31353,30.71573
Limpopo,Police,Gravelotte,Gravelotte,015-3184313,-23.95146,30.61256
Limpopo,Police,Groblersdal,Groblersdal,013-2628371,-25.16553,29.3896
Limpopo,Police,Haenertsburg,Haenertsburg,015-2766140,-23.94073,29.9405
Limpopo,Police,Hlanganani,Hlanganani,015-8731206,-23.30664,30.29724
Limpopo,Police,Hlogotlou,Hlogotlou,013-2631906,-25.02105,29.73837
Limpopo,Police,Hoedspruit,Hoedspruit,015-7994063,-24.35383,30.95114
Limpopo,Police,Hoopdal,Hoopdal,014-7790020,-24.27923,27.49232
Limpopo,Police,Jane Furse,Jane Furse,013-2658300,-24.765,29.85281
Limpopo,Police,Laersdrift,Laersdrift,013-2720002,-25.36766,29.85622
Limpopo,Police,Leboeng,Leboeng,013-7699099,-24.509,30.64776
Limpopo,Police,Lebowakgomo,Lebowakgomo,015-6331000,-24.32098,29.48187
Limpopo,Police,Lephalale,Lephalale,014-7621000,-23.67856,27.73479
Limpopo,Police,Letsitele,Letsitele,015-3458600,-23.89402,30.39214
Limpopo,Police,Levubu,Levubu,015-5837400,-23.09234,30.2754
Limpopo,Police,Lulekani,Lulekani,015-7830175,-23.86649,31.08104
Limpopo,Police,Maake,Maake,015-3558300,-23.9731,30.27092
Limpopo,Police,Magatle,Magatle,015-6338300,-24.45995,29.41087
Limpopo,Police,Mahwelereng,Mahwelereng,015-4835000,-24.15543,28.98329
Limpopo,Police,Makhado,Makhado,015-5194300,-23.03789,29.90773
Limpopo,Police,Makuya,Makuya,015-9579200,-22.65248,30.82752
Limpopo,Police,Malamulele,Malamulele,015-8510999,-23.00452,30.68665
Limpopo,Police,Maleboho,Maleboho,015-5928000,-22.89844,28.83183
Limpopo,Police,Malipsdrift,Malipsdrift,"015-6200400,015-6200404",-24.23447,29.82122
Limpopo,Police,Mankweng,Mankweng,015-2862082,-23.88506,29.72669
Limpopo,Police,Mara,Mara,015-5930103,-23.0909,29.39279
Limpopo,Police,Marble Hall,Marble Hall,013-2618600,-24.96968,29.29687
Limpopo,Police,Masemola,Masemola,015 6228915,-24.56753,29.66673
Limpopo,Police,Mashashane,Mashashane,015-2249904,-23.896389,29.134318
Limpopo,Police,Masisi,Masisi,015-9577000,-22.42221,30.86261
Limpopo,Police,Matlala,Matlala,015-2288000,-23.67413,29.0315
Limpopo,Police,Matlelerekeng,Matlelerekeng,013-2618918,-24.985436,29.064052
Limpopo,Police,Mecklenburg,Mecklenburg,015-6151000,-24.38627,30.07359
Limpopo,Police,Modimolle,Modimolle,014-7181011,-24.70692,28.40881
Limpopo,Police,Modjadjiskloof,Modjadjiskloof,015-3071700,-23.69563,30.14385
Limpopo,Police,Mogwadi,Mogwadi,015-5010250,-23.36789,29.32768
Limpopo,Police,Mokopane,Mokopane,015-4091418,-24.18398,29.01583
Limpopo,Police,Mokwakwaila,Mokwakwaila,015-3869940,-23.52211,30.42462
Limpopo,Police,Morebeng,Morebeng,015-3974536,-23.49402,29.92797
Limpopo,Police,Motetema,Motetema,013-2698003,-25.0989,29.4644
Limpopo,Police,Mphephu,Mphephu,015-9703000,-22.8985,30.03913
Limpopo,Police,Musina,Musina,015-5347400,-22.34331,30.04396
Limpopo,Police,Muswodi,Muswodi,015-5390629,-22.93233,30.468313
Limpopo,Police,Mutale,Mutale,015-9678000,-22.73445,30.52317
Limpopo,Police,Naboomspruit,Naboomspruit,014-7439000,-24.51843,28.71265
Limpopo,Police,Namakgale,Namakgale,015-7691530,-23.933,31.02834
Limpopo,Police,Nebo,Nebo,013-2640001,-24.86798,29.75343
Limpopo,Police,Northam,Northam,"014-7844107,014-7844108",-24.9599,27.26438
Limpopo,Police,Ohrigstad,Ohrigstad,013-2380205,-24.75191,30.55652
Limpopo,Police,Phalaborwa,Phalaborwa,015-7803300,-23.95261,31.13608
Limpopo,Police,Pienaarsrivier,Pienaarsrivier,012-7220000,-25.20246,28.2964
Limpopo,Police,Polokwane,Polokwane,015-2906531,-23.91312,29.45481
Limpopo,Police,Rakgoadi,Rakgoadi,013-2647904,-24.89172,29.57592
Limpopo,Police,Rankin'S Pass,Rankin'S Pass,014-7210611,-24.52865,27.9136
Limpopo,Police,Ritavi,Ritavi,015-3038000,-23.88811,30.28361
Limpopo,Police,Roedtan,Roedtan,015-6670011,-24.59628,29.08164
Limpopo,Police,Rooiberg,Rooiberg,014-7341602,-24.77912,27.73079
Limpopo,Police,Roossenekal,Roossenekal,013-2730075,-25.19819,29.92706
Limpopo,Police,Rust De Winter,Rust De Winter,012-723 7904,-25.20296,28.60761
Limpopo,Police,Saamboubrug,Saamboubrug,014-7672935,-22.56206,28.58481
Limpopo,Police,Saselamani,Saselamani,015-8530085,-22.83111,30.85767
Limpopo,Police,Sebayeng,Sebayeng,015-2672922,-23.781327,29.6929333
Limpopo,Police,Sekgosese,Sekgosese,015-8740020,-23.41238,30.15034
Limpopo,Police,Sekhukhune,Sekhukhune,013-2601007,-24.75217,30.0156
Limpopo,Police,Senwabarwana,Senwabarwana,015-5050151,-23.28572,29.13931
Limpopo,Police,Seshego,Seshego,015-2239300,-23.85429,29.38227
Limpopo,Police,Siloam,Siloam,015-9735200,-22.89731,30.18623
Limpopo,Police,Thabazimbi,Thabazimbi,014-7773501,-24.59703,27.40775
Limpopo,Police,Thohoyandou,Thohoyandou,015-9601000,-22.97234,30.45594
Limpopo,Police,Tinmyne,Tinmyne,015-4420611,-24.03597,28.77543
Limpopo,Police,Tolwe,Tolwe,014-7671021,-22.98531,28.57513
Limpopo,Police,Tom Burke,Tom Burke,"079-8896839,014-7671124",-23.0688,27.99936
Limpopo,Police,Tshamutumbu,Tshamutumbu,015-5399000,-22.38491,30.54586
Limpopo,Police,Tshaulu,Tshaulu,015-9784000,-22.80382,30.74773
Limpopo,Police,Tshilwavhusiku,Tshilwavhusiku,015-5196000,-23.09599,29.74204
Limpopo,Police,Tshitale,Tshitale,015-9751937,-23.35999,29.98902
Limpopo,Police,Tubatse,Tubatse,013-2168500,-24.58143,30.32297
Limpopo,Police,Tuinplaas,Tuinplaas,014-7920611,-24.90246,28.73605
Limpopo,Police,Tzaneen,Tzaneen,015-3062000,-23.82788,30.16194
Limpopo,Police,Vaalwater,Vaalwater,014-7559700,-24.2936,28.11371
Limpopo,Police,Vhulaudzi,Vhulaudzi,015-9735200,-22.95847,30.1905
Limpopo,Police,Villa Nora,Villa Nora,"014-7637952,014-7637953",-23.52831,28.12587
Limpopo,Police,Vuwani,Vuwani,015-9617000,-23.12982,30.4208
Limpopo,Police,Waterpoort,Waterpoort,015-5751503,-22.90039,29.62656
Limpopo,Police,Waterval,Waterval,015-5568000,-23.16397,30.07076
Limpopo,Police,Westenburg,Westenburg,"015-2929410,015-2929415",-23.904444,29.4301222
Limpopo,Police,Witpoort,Witpoort,014-7690002,-23.33168,28.00687
Limpopo,Police,Zaaiplaas,Zaaiplaas,013-2639400,-25.16611,29.75124
Limpopo,Police,Zebediela,Zebediela,015-6421500,-24.29829,29.24406
Mpumalanga,Police,Acornhoek,Acornhoek,"013-7958012,013-7958013",-24.5971,31.04835
Mpumalanga,Police,Amersfoort,Amersfoort,017-7531118,-27.00869,29.87218
Mpumalanga,Police,Amsterdam,Amsterdam,017-8469222,-26.62306,30.66041
Mpumalanga,Police,Badplaas,Badplaas,017-8441101,-25.95836,30.56857
Mpumalanga,Police,Balfour Tvl,Balfour Tvl,017-7730050,-26.66282,28.58695
Mpumalanga,Police,Barberton,Barberton,013-7122233,-25.79074,31.05178
Mpumalanga,Police,Belfast,Belfast,013-2530230,-25.70144,30.04588
Mpumalanga,Police,Bethal,Bethal,017-6479929/9930,-26.46098,29.46955
Mpumalanga,Police,Blinkpan,Blinkpan,013-2953181,-26.09934,29.45108
Mpumalanga,Police,Breyten,Breyten,"017-8613025,017-8613012",-26.30226,29.98664
Mpumalanga,Police,Bushbuckridge,Bushbuckridge,"013-7995517,031-799555518",-24.8423,31.06821
Mpumalanga,Police,Calcutta,Calcutta,013-7086005,-24.98705,31.24385
Mpumalanga,Police,Carolina,Carolina,017-8432107,-26.07128,30.11998
Mpumalanga,Police,Charl Cilliers,Charl Cilliers,017-6400223,-26.65976,29.1875
Mpumalanga,Police,Chrissiesmeer,Chrissiesmeer,017-8470007,-26.28052,30.21357
Mpumalanga,Police,Daggakraal,Daggakraal,082-9435589,-27.108469,29.986703
Mpumalanga,Police,Davel,Davel,017-6293022,-26.4479,29.66766
Mpumalanga,Police,Delmas,Delmas,"013-6656820,013-6656825",-26.14512,28.68756
Mpumalanga,Police,Dientjie,Dientjie,013-7681187,-24.61384,30.80467
Mpumalanga,Police,Dirkiesdorp,Dirkiesdorp,017-7300271,-27.17452,30.40569
Mpumalanga,Police,Dullstroom,Dullstroom,013-2540141,-25.41676,30.10594
Mpumalanga,Police,Ekulindeni,Ekulindeni,017-8840900,-26.0496,31.01682
Mpumalanga,Police,Elukwatini,Elukwatini,017-8837623,-26.06088,30.78716
Mpumalanga,Police,Embalenhle,Embalenhle,017-6852363,-26.54492,29.0747
Mpumalanga,Police,Emzinoni,Emzinoni,017-6479665,-26.48456,29.44593
Mpumalanga,Police,Ermelo,Ermelo,017-8197803,-26.52267,29.98454
Mpumalanga,Police,Evander,Evander,017-6322322,-26.47065,29.10759
Mpumalanga,Police,Fernie,Fernie,017-8880800,-26.41759,30.7737
Mpumalanga,Police,Graskop,Graskop,013-7671122,-24.93494,30.83923
Mpumalanga,Police,Greylingstad,Greylingstad,017-7780199,-26.74201,28.76545
Mpumalanga,Police,Grootvlei,Grootvlei,017-7790150,-26.79878,28.50955
Mpumalanga,Police,Hartebeeskop,Hartebeeskop,017-8821000,-26.18032,30.93031
Mpumalanga,Police,Hazyview,Hazyview,013-7377328,-25.04701,31.1283
Mpumalanga,Police,Hendrina,Hendrina,013-2939000,-26.16052,29.71433
Mpumalanga,Police,Kaapmuiden,Kaapmuiden,013-7265504,-25.53614,31.34071
Mpumalanga,Police,Kabokweni,Kabokweni,"013-7967301,013-7967303",-25.34439,31.12938
Mpumalanga,Police,Kamhlushwa,Kamhlushwa,082-2898203-082-2541007,-25.650629,31.693115
Mpumalanga,Police,Kanyamazane,Kanyamazane,013-7949712,-25.46503,31.18394
Mpumalanga,Police,Kinross,Kinross,017-6871313,-26.4154,29.08508
Mpumalanga,Police,Komatipoort,Komatipoort,013-7937321,-25.4362,31.95774
Mpumalanga,Police,Kriel,Kriel,017-6482266,-26.25064,29.26061
Mpumalanga,Police,Kwaggafontein,Kwaggafontein,"013-9476273,013-9476296",-25.30942,28.94768
Mpumalanga,Police,Kwamhlanga,Kwamhlanga,013-9474000,-25.43404,28.71577
Mpumalanga,Police,Leslie,Leslie,017-6830212,-26.36964,28.92186
Mpumalanga,Police,Lothair,Lothair,017-8453038,-26.39072,30.44033
Mpumalanga,Police,Low'S Creek,Low'S Creek,013-7100111,-25.64453,31.29337
Mpumalanga,Police,Lydenburg,Lydenburg,013-2352222,-25.0964,30.45298
Mpumalanga,Police,Maartenshoop,Maartenshoop,013-235 4041,-24.99079,30.234
Mpumalanga,Police,Machadodorp,Machadodorp,013-2560004,-25.66843,30.25328
Mpumalanga,Police,Mahamba,Mahamba,017-8269975,-27.10484,31.0679
Mpumalanga,Police,Malelane,Malelane,013-7902720,-25.49436,31.51072
Mpumalanga,Police,Masoyi,Masoyi,013-7984901,-25.16354,31.11541
Mpumalanga,Police,Matsulu,Matsulu,013-7788161,-25.51513,31.34609
Mpumalanga,Police,Mayflower,Mayflower,017-8819000,-26.30353,30.77622
Mpumalanga,Police,Mbuzini,Mbuzini,013-7829908,-25.82101,31.89291
Mpumalanga,Police,Mhala,Mhala,013-7738070,-24.72574,31.20416
Mpumalanga,Police,Mhluzi,Mhluzi,013-2477396,-25.75075,29.4488
Mpumalanga,Police,Middelburg,Middelburg,013-2491611,-31.49245,25.00611
Mpumalanga,Police,Mmametlake,Mmametlake,012-7213824,-25.10504,28.5431
Mpumalanga,Police,Morgenzon Transvaal,Morgenzon Transvaal,017-7933027,-26.73369,29.61297
Mpumalanga,Police,Nelspruit,Nelspruit,013-7591000,-25.46928,30.9792
Mpumalanga,Police,Ngodwana,Ngodwana,013-7344222,-25.5708,30.67429
Mpumalanga,Police,Ogies,Ogies,"013-6438402,013-6438401",-26.05064,29.05272
Mpumalanga,Police,Perdekop,Perdekop,017-7851000,-27.16835,29.62148
Mpumalanga,Police,Phola,Phola,"013-6438601,013-6438605",-26.01096,29.03488
Mpumalanga,Police,Pienaar,Pienaar,013 794 9309,-25.43437,31.1846
Mpumalanga,Police,Piet Retief,Piet Retief,017-8242606,-27.00637,30.80584
Mpumalanga,Police,Pilgrim's Rest,Pilgrim's Rest,013-7681122,-24.90998,30.7564
Mpumalanga,Police,Sabie,Sabie,013-7641211,-25.09528,30.78207
Mpumalanga,Police,Sakhile,Sakhile,017-7149600,-26.96305,29.22101
Mpumalanga,Police,Schoemansdal,Schoemansdal,"013-7813310,013-7813308",-25.68235,31.49894
Mpumalanga,Police,Secunda,Secunda,017-624 2000,-26.50187,29.18622
Mpumalanga,Police,Sheepmoor,Sheepmoor,017-8650007,-26.71503,30.29458
Mpumalanga,Police,Siyabuswa,Siyabuswa,013-9731942,-25.11259,29.05024
Mpumalanga,Police,Skukuza,Skukuza,013-7359006,-24.99523,31.59017
Mpumalanga,Police,Standerton,Standerton,017-7191250,-26.94646,29.24147
Mpumalanga,Police,Sundra,Sundra,013-6611223,-26.18637,28.55062
Mpumalanga,Police,Tonga,Tonga,013-7808300,-25.6883,31.78474
Mpumalanga,Police,Trichardt,Trichardt,017-6380241,-26.4936,29.22408
Mpumalanga,Police,Tweefontein,Tweefontein,"017-9476000,013-94760003",-25.40626,28.80638
Mpumalanga,Police,Vaalbank,Vaalbank,013-9739108,-25.15941,28.85709
Mpumalanga,Police,Val,Val,017-7023005,-26.79825,28.94027
Mpumalanga,Police,Verena,Verena,"013-9632002,013-9632010",-25.48245,29.02751
Mpumalanga,Police,Volksrust,Volksrust,017-7359900,-27.374,29.88684
Mpumalanga,Police,Vosman,Vosman,013-6598400,-25.86707,29.12743
Mpumalanga,Police,Wakkerstroom,Wakkerstroom,017-7300005,-27.35712,30.1484
Mpumalanga,Police,Waterval Boven,Waterval Boven,013-2570001,-25.64433,30.32545
Mpumalanga,Police,Witbank,Witbank,013-6555141,-25.88794,29.23129
Mpumalanga,Police,Witrivier,Witrivier,013-7500888,-25.3283,31.0179
North West,Police,Amalia,Amalia,053-9640523,-27.24996,25.05068
North West,Police,Assen,Assen,012-2528520,-25.16766,27.60201
North West,Police,Atamelang,Atamelang,018-3343584,-26.50534,25.37052
North West,Police,Bedwang,Bedwang,012-7140408,-25.087,27.96893
North West,Police,Bethanie,Bethanie,012-2602983,-25.55175,27.60139
North West,Police,Biesiesvlei,Biesiesvlei,018-6530002,-26.37833,25.90384
North West,Police,Bloemhof,Bloemhof,053-4339114,-27.65256,25.60685
North West,Police,Boitekong,Boitekong,014-5936006,-25.60465,27.29704
North West,Police,Boons,Boons,014-5775958,-25.96687,27.23671
North West,Police,Boshoek,Boshoek,053-9363102,-25.72593,24.28325
North West,Police,Bray,Bray,053-9370006,-25.45771,23.7157
North West,Police,Brits,Brits,012-3816006,-25.63515,27.77918
North West,Police,Buffelshoek,Buffelshoek,056-8181295,-26.80295,27.39991
North West,Police,Christiana,Christiana,"053-4419211,053-4419205",-27.90918,25.16738
North West,Police,Coligny,Coligny,"018-6739406,018-6739405",-26.3307,26.31738
North West,Police,Cyferskuil,Cyferskuil,014-7382000,-25.0764,28.24066
North West,Police,Delareyville,Delareyville,"053-9489102, 053-9489104",-26.69094,25.4567
North West,Police,Ganyesa,Ganyesa,"053-9988310, 053-9988300",-26.5997,24.18723
North West,Police,Groot Marico,Groot Marico,014-5030069,-25.59968,26.41868
North West,Police,Hartbeesfontein,Hartbeesfontein,018-4310433,-26.75817,26.42618
North West,Police,Hartbeespoortdam,Hartbeespoortdam,"012-2537000, 012-2537001",-25.72447,27.87159
North West,Police,Hebron,Hebron,012-7060300,-25.54938,28.01714
North West,Police,Huhudi,Huhudi,"053-9283300, 053-9283308",-26.96691,24.74053
North West,Police,Ikageng,Ikageng,018-2959806,-26.72025,27.06247
North West,Police,Ipelegeng,Ipelegeng,053-9638001,-27.19638,25.30579
North West,Police,Itsoseng,Itsoseng,"018-3380000, 018-3380002",-26.08725,25.88043
North West,Police,Jericho,Jericho,012-7291062,-25.34301,27.81452
North West,Police,Jouberton,Jouberton,018-4659511,-26.89184,26.58773
North West,Police,Kanana,Kanana,"018-4761122, 018-4761115",-26.95975,26.64038
North West,Police,Kgomotso,Kgomotso,053-4570001,-27.98218,24.61279
North West,Police,Khuma,Khuma,018-4899525,-26.85147,26.84686
North West,Police,Klerksdorp,Klerksdorp,018-4645070,-26.86353,26.66311
North West,Police,Klerkskraal,Klerkskraal,018-7651039,-26.25175,27.16339
North West,Police,Klipgat,Klipgat,012-7078900,-25.47304,27.98434
North West,Police,Koster,Koster,014-5438600,-25.86502,26.89748
North West,Police,Leeudoringstad,Leeudoringstad,"018-5810810, 018-5810809",-27.23507,26.24131
North West,Police,Lehurutshe,Lehurutshe,018-36323634,-25.4878,25.98517
North West,Police,Lethabong,Lethabong,012-2700064,-25.43625,27.50895
North West,Police,Lethlabile,Lethlabile,012-2510791,-25.49501,27.83781
North West,Police,Lichtenburg,Lichtenburg,018-6328275,-26.15137,26.15889
North West,Police,Lomanyaneng,Lomanyaneng,"018-3975201, 018-3975202",-25.8949,25.65939
North West,Police,Madibogo,Madibogo,018-3379158,-26.42189,25.1507
North West,Police,Madikwe,Madikwe,014-5539009,-25.35177,26.52447
North West,Police,Mahikeng,Mahikeng,018-3975057,-25.86314,25.64055
North West,Police,Makapanstad,Makapanstad,"012-7146000, 012-7146001",-25.23604,28.12209
North West,Police,Makgobistad,Makgobistad,018-3680121,-25.75024,25.10729
North West,Police,Makwassie,Makwassie,018-5974102,-27.31268,25.9933
North West,Police,Mareetsane,Mareetsane,018-3324020,-26.20334,25.47306
North West,Police,Marikana,Marikana,"014-5728600, 014-5728601",-25.70513,27.48645
North West,Police,Mmabatho,Mmabatho,018-3877558,-25.8383,25.6069
North West,Police,Mmakau,Mmakau,012-7092221,-25.6174,27.94101
North West,Police,Mogwase,Mogwase,014-5552228,-25.27102,27.23673
North West,Police,Mokopong,Mokopong,053-9390103,-25.36555,22.97807
North West,Police,Mooifontein,Mooifontein,018-3361157,-26.25351,25.60272
North West,Police,Mooinooi,Mooinooi,014-5745062,-25.75948,27.55002
North West,Police,Morokweng,Morokweng,053-7611059,-26.13677,23.77682
North West,Police,Mothutlung,Mothutlung,012-7092162,-25.59975,27.8873
North West,Police,Motswedi,Motswedi,"018-3651783, 018-3651505",-25.27729,25.88558
North West,Police,Nietverdiend,Nietverdiend,018-3509943,-25.02325,26.15879
North West,Police,Orkney,Orkney,"018-4738308, 018-4738336",-26.97781,26.66994
North West,Police,Ottosdal,Ottosdal,018-5719023,-26.81203,25.99991
North West,Police,Ottoshoop,Ottoshoop,018-6430600,-25.75138,25.96256
North West,Police,Phokeng,Phokeng,"014-5661831, 014-5661789",-25.57313,27.16254
North West,Police,Piet Plessis,Piet Plessis,053-9840010,-26.1624,24.40795
North West,Police,Potchefstroom,Potchefstroom,018-2997460,-26.71531,27.09456
North West,Police,Pudimoe,Pudimoe,053-9959139,-27.4108,24.71941
North West,Police,Reivilo,Reivilo,053-9530007,-27.57072,24.1833
North West,Police,Rustenburg,Rustenburg,014-5904727,-25.66821,27.24845
North West,Police,Sannieshof,Sannieshof,018-6838100,-26.52925,25.80644
North West,Police,Schweizer-Reneke,Schweizer-Reneke,053-9639103,-27.18943,25.33134
North West,Police,Setlagole,Setlagole,018-3300900,-26.27157,25.11376
North West,Police,Stella,Stella,053-9830005,-26.54945,24.86213
North West,Police,Stilfontein,Stilfontein,018-4847600,-26.84451,26.7773
North West,Police,Sun City,Sun City,014-5523988,-25.36291,27.09869
North West,Police,Swartruggens,Swartruggens,"014-5441523, 014-5441524",-25.6489,26.68895
North West,Police,Taung,Taung,"053-9949240, 053-9949200",-27.54507,24.77898
North West,Police,Tlhabane,Tlhabane,"014-5659100, 014-5659154",-25.64737,27.21433
North West,Police,Tshidilamolomo,Tshidilamolomo,018-3610152,-25.82608,24.67348
North West,Police,Ventersdorp,Ventersdorp,"018-2648000, 018-2648045",-26.31736,26.82122
North West,Police,Vorstershoop,Vorstershoop,053-9390018,-25.83738,23.02448
North West,Police,Vryburg,Vryburg,053-9284028,-26.95942,24.72628
North West,Police,Wolmaransstad,Wolmaransstad,"018-5969405, 018-5969400",-27.20175,25.98018
North West,Police,Zeerust,Zeerust,"018-6428029, 018-6428000",-25.53974,26.07897
Northern Cape,Police,Aggeneys,Aggeneys,054-9832437,-29.24206,18.84713
Northern Cape,Police,Alexander Bay,Alexander Bay,027-8318002/4,-28.60706,16.49218
Northern Cape,Police,Augrabies,Augrabies,054-4510391/0378,-28.66908,20.4225
Northern Cape,Police,Barkly West,Barkly West,053-5316201/2/3/9,-28.53715,24.52533
Northern Cape,Police,Batlharos,Batlharos,053-7743050/3000,-27.30544,23.34164
Northern Cape,Police,Belmont,Belmont,053-2040101,-29.41678,24.36647
Northern Cape,Police,Boetsap,Boetsap,053-4010911,-27.9761,24.45268
Northern Cape,Police,Bothithong,Bothithong,053-7752122/1148/1138,-27.065,23.82805
Northern Cape,Police,Brandvlei,Brandvlei,054-6030007,-30.46407,20.4897
Northern Cape,Police,Britstown,Britstown,"053-6729300,053-6729301",-30.59218,23.4996
Northern Cape,Police,Calvinia,Calvinia,027-3411015/1481,-31.47331,19.77337
Northern Cape,Police,Campbell,Campbell,053-2972900,-28.8032,23.71662
Northern Cape,Police,Carnarvon,Carnarvon,053-3823009,-30.96943,22.1259
Northern Cape,Police,Colesberg,Colesberg,051-7539800,-30.7197,25.09446
Northern Cape,Police,Danielskuil,Danielskuil,053-3840001,-28.18239,23.54306
Northern Cape,Police,De Aar,De Aar,053-6329500,-30.6606,24.00504
Northern Cape,Police,Deben,Deben,053-7919200,-27.5982,22.88325
Northern Cape,Police,Delportshoop,Delportshoop,053-5612000/13/16/22,-28.41605,24.31019
Northern Cape,Police,Dingleton,Dingleton,053-7243200/04,-27.78413,22.98298
Northern Cape,Police,Douglas,Douglas,053-2981611,-29.05651,23.77278
Northern Cape,Police,Fraserburg,Fraserburg,023-7418000/8001,-31.91087,21.5136
Northern Cape,Police,Galeshewe,Galeshewe,053-80760215/6012,-28.71051,24.74277
Northern Cape,Police,Garies,Garies,027-6521010/1119/8060,-30.56504,17.99024
Northern Cape,Police,Griekwastad,Griekwastad,053-3430300,-28.84759,23.25104
Northern Cape,Police,Groblershoop,Groblershoop,054-8339300/9309,-28.89311,21.98261
Northern Cape,Police,Hanover,Hanover,053-6435000,-31.06641,24.44393
Northern Cape,Police,Hartswater,Hartswater,053-4742155,-27.75361,24.80519
Northern Cape,Police,Heuningvlei,Heuningvlei,053 773 6045,-26.2937,23.17961
Northern Cape,Police,Hondeklip Bay,Hondeklip Bay,027 692 3008,-30.32269,17.27415
Northern Cape,Police,Hopetown,Hopetown,053-202432,-29.61956,24.08728
Northern Cape,Police,Jan Kempdorp,Jan Kempdorp,053-4565611/5602/5603,-27.91606,24.83897
Northern Cape,Police,Kagisho,Kagisho,053-8711173/4,-28.7114,24.71971
Northern Cape,Police,Kakamas,Kakamas,054-4316800/3/40/12,-28.77074,20.61854
Northern Cape,Police,Kamieskroon,Kamieskroon,027-6721603/1925,-30.21307,17.93159
Northern Cape,Police,Kanoneiland,Kanoneiland,054-4911206/1448,-28.65236,21.08695
Northern Cape,Police,Kathu,Kathu,053-7239106/1111,-27.69892,23.04492
Northern Cape,Police,Keimoes,Keimoes,054-4616619,-28.70806,20.97055
Northern Cape,Police,Kenhardt,Kenhardt,054-6516300/0507,-29.3466,21.15192
Northern Cape,Police,Kimberley,Kimberley,053-8384200/4342/4331,-28.73487,24.7632
Northern Cape,Police,Kleinsee,Kleinsee,027-8770600/0120,-29.66193,17.07984
Northern Cape,Police,Komaggas,Komaggas,027-8211632/1199,-29.79486,17.48749
Northern Cape,Police,Koopmansfontein,Koopmansfontein,053-5620354/0824484989,-28.241925,24.034439
Northern Cape,Police,Kuruman,Kuruman,053-7129824/31/32/33,-27.45901,23.43229
Northern Cape,Police,Kuyasa,Kuyasa,"051-7539101,051-7539102",-30.71908,25.10707
Northern Cape,Police,Lime Acres,Lime Acres,053-3855518/5600,-28.35892,23.52467
Northern Cape,Police,Loeriesfontein,Loeriesfontein,027-6628700,-30.95563,19.44893
Northern Cape,Police,Loxton,Loxton,053-3814000,-31.4772,22.34998
Northern Cape,Police,Marydale,Marydale,054-8710005,-29.40618,22.10618
Northern Cape,Police,Middelpos,Middelpos,027-3412502/2902,-31.90632,20.232
Northern Cape,Police,Modder River,Modder River,053-5810003,-29.03196,24.62926
Northern Cape,Police,Mothibistad,Mothibistad,053-7731155/1709,-27.39776,23.49068
Northern Cape,Police,Nababeep,Nababeep,027-7138141/1000,-29.58775,17.7859
Northern Cape,Police,Niekerkshoop,Niekerkshoop,"053-3540730,053-3540731",-29.32683,22.83759
Northern Cape,Police,Nieuwoudtville,Nieuwoudtville,027-2188000,-31.37425,19.11703
Northern Cape,Police,Noenieput,Noenieput,054-5510004,-27.51294,20.14278
Northern Cape,Police,Norvalspont,Norvalspont,051-7555000,-30.63228,25.45104
Northern Cape,Police,Noupoort,Noupoort,049-5620400,-31.17601,24.95116
Northern Cape,Police,Olifantshoek,Olifantshoek,053-3312300,-27.94753,22.73744
Northern Cape,Police,Onseepkans,Onseepkans,054-9511000/20,-28.74154,19.30395
Northern Cape,Police,Pabalello,Pabalello,054-3385400/5455,-28.44386,21.2221
Northern Cape,Police,Pampierstat,Pampierstat,053-9966015/6008,-27.77091,24.69018
Northern Cape,Police,Pella,Pella,054-9710060/58,-29.0335,19.15277
Northern Cape,Police,Petrusville,Petrusville,053-6630265,-30.07724,24.65858
Northern Cape,Police,Philipstown,Philipstown,053-6652000,-30.43415,24.47417
Northern Cape,Police,Plooysburg,Plooysburg,053-5828000,-29.02645,24.23761
Northern Cape,Police,Pofadder,Pofadder,054-933 1100,-29.12586,19.39496
Northern Cape,Police,Port Nolloth,Port Nolloth,027-8511017/18,-29.25463,16.86932
Northern Cape,Police,Postmasburg,Postmasburg,053-3139301/03,-28.33124,23.0668
Northern Cape,Police,Prieska,Prieska,053-3531942,-29.6724,22.74069
Northern Cape,Police,Richmond,Richmond,053-6931000,-29.87238,30.26986
Northern Cape,Police,Rietfontein,Rietfontein,054-5313000/7,-26.74269,20.0294
Northern Cape,Police,Roodepan,Roodepan,053-8074401/06/07,-28.67237,24.73012
Northern Cape,Police,Rosedale,Rosedale,054-3370142/26,-28.4542,21.20795
Northern Cape,Police,Severn,Severn,053-7512000,-26.58681,22.85903
Northern Cape,Police,Springbok,Springbok,027-7189120,-29.66587,17.88498
Northern Cape,Police,Steinkopf,Steinkopf,027-7211017/1010/1011,-29.26636,17.73565
Northern Cape,Police,Strydenburg,Strydenburg,053-6831000,-29.94306,23.67684
Northern Cape,Police,Sunrise,Sunrise,053-6329800,-30.64993,24.02046
Northern Cape,Police,Sutherland,Sutherland,023-5718048/2040,-32.39583,20.66037
Northern Cape,Police,Tsineng,Tsineng,053-7736048/51,-27.08513,23.07619
Northern Cape,Police,Upington,Upington,054-3373405/3452,-28.45019,21.25989
Northern Cape,Police,Van Zylsrus,Van Zylsrus,053-7815000/07,-26.87679,22.05007
Northern Cape,Police,Vanderkloof,Vanderkloof,053-6640231,-29.99861,24.74164
Northern Cape,Police,Vanwyksvlei,Vanwyksvlei,053-3833800,-30.35067,21.82435
Northern Cape,Police,Victoria West,Victoria West,053-6212014,-31.40416,23.11399
Northern Cape,Police,Vioolsdrif,Vioolsdrif,027-7618644,-28.76911,17.62354
Northern Cape,Police,Vosburg,Vosburg,053-6751000,-30.57359,22.8814
Northern Cape,Police,Warrenton,Warrenton,053-4974101,-28.11489,24.84885
Northern Cape,Police,Williston,Williston,053-3913007/3373/3286,-31.3428,20.91551
Northern Cape,Police,Windsorton,Windsorton,053-5510003/0051/0298,-28.32664,24.71082
Northern Cape,Police,Witdraai,Witdraai,054-5110001,-26.95574,20.7058
Northern Cape,Police,Wrenchville,Wrenchville,053-7129700,-27.45275,23.46428
Western Cape,Police,Albertinia,Albertinia,028-7358040/8061,-34.2086,21.58325
Western Cape,Police,Ashton,Ashton,023-6158120/1,-33.83361,20.06699
Western Cape,Police,Athlone,Athlone,021-6979238/9,-33.96157,18.50724
Western Cape,Police,Atlantis,Atlantis,021-5718500/15,-33.56479,18.49318
Western Cape,Police,Barrydale,Barrydale,028-5721001,-33.90276,20.72117
Western Cape,Police,Beaufort West,Beaufort West,023-4148826/8820/21,-32.34946,22.58486
Western Cape,Police,Belhar,Belhar,021-9538100/8114,-33.94692,18.64877
Western Cape,Police,Bellville,Bellville,021-9183002/12/14,-33.90206,18.6221
Western Cape,Police,Bellville South,Bellville South,021-9501306/7/9,-33.91541,18.64655
Western Cape,Police,Bishop Lavis,Bishop Lavis,021-9359802/3/5,-33.94634,18.57224
Western Cape,Police,Bonnievale,Bonnievale,023-6168060/62,-33.93905,20.09825
Western Cape,Police,Bothasig,Bothasig,021-5599400/7/22,-33.85506,18.54346
Western Cape,Police,Brackenfell,Brackenfell,021-9805700/29/37,-33.87196,18.68164
Western Cape,Police,Bredasdorp,Bredasdorp,028-4255400,-34.53644,20.04727
Western Cape,Police,Caledon,Caledon,028-2143906/28/29,-34.23493,19.42919
Western Cape,Police,Calitzdorp,Calitzdorp,044-2133320/8800,-33.53339,21.68666
Western Cape,Police,Camps Bay,Camps Bay,021-4378150/1/3,-33.95604,18.37672
Western Cape,Police,Cape Town Central,Cape Town Central,021-4678001/2/2/7,-33.92774,18.4231
Western Cape,Police,Cape Town International Airport,Cape Town International Airport,021-9272900/2,-33.97025,18.604634
Western Cape,Police,Ceres,Ceres,023-3168600/8616/8624,-33.36941,19.31159
Western Cape,Police,Citrusdal,Citrusdal,022-9218400/06,-32.58829,19.01101
Western Cape,Police,Clanwilliam,Clanwilliam,027-4828181/84,-32.17615,18.89226
Western Cape,Police,Claremont,Claremont,021-6572243/50/51,-33.98442,18.47286
Western Cape,Police,Cloetesville,Cloetesville,021-8885940/47,-33.92257,18.85526
Western Cape,Police,Conville,Conville,044-8033341/2,-33.98272,22.47327
Western Cape,Police,Da Gamaskop,Da Gamaskop,044-6062201/07/08/93,-34.17631,22.11733
Western Cape,Police,Darling,Darling,022-4091300/4922314,-33.37637,18.38199
Western Cape,Police,De Doorns,De Doorns,023-3564020/1,-33.47424,19.66581
Western Cape,Police,De Rust,De Rust,044-2412050,-33.48874,22.53451
Western Cape,Police,Delft,Delft,021-9549009,-33.97502,18.64209
Western Cape,Police,Dieprivier,Dieprivier,021-7107388/7300,-34.03161,18.46485
Western Cape,Police,Doring Bay,Doring Bay,027-2151021/6,-31.81174,18.23678
Western Cape,Police,Durbanville,Durbanville,021-9703801/11/12/31,-33.83389,18.64929
Western Cape,Police,Dysselsdorp,Dysselsdorp,044-2515413,-33.57618,22.4346
Western Cape,Police,Eendekuil,Eendekuil,022-9421600,-32.6894,18.882
Western Cape,Police,Elands Bay,Elands Bay,022-9728000,-32.31333,18.34069
Western Cape,Police,Elsies River,Elsies River,021-9281400/63,-33.92441,18.56443
Western Cape,Police,Fish Hoek,Fish Hoek,021-7842720/22/28,-34.13289,18.43492
Western Cape,Police,Franschhoek,Franschhoek,021-8768061,-33.9122,19.12143
Western Cape,Police,Gans Bay,Gans Bay,028-3840201,-34.57818,19.35139
Western Cape,Police,Genadendal,Genadendal,028-2511000/5,-34.04481,19.5628
Western Cape,Police,George,George,044-8034743/4744,-33.95658,22.46031
Western Cape,Police,Goodwood,Goodwood,021-5924430,-33.90888,18.56195
Western Cape,Police,Gordons Bay,Gordons Bay,021-8562677/1207,-34.15908,18.86941
Western Cape,Police,Graafwater,Graafwater,027-4221122/1513,-32.15174,18.60647
Western Cape,Police,Grabouw,Grabouw,021-8597707/19,-34.15381,19.01901
Western Cape,Police,Grassy Park,Grassy Park,021-7003900/2/3/30,-34.04863,18.49523
Western Cape,Police,Groot Brakrivier,Groot Brakrivier,044-6208307,-34.05469,22.21906
Western Cape,Police,Groot-Drakenstein,Groot-Drakenstein,021-8748000/5,-33.86616,18.97776
Western Cape,Police,Gugulethu,Gugulethu,021-6842300,-33.97497,18.56331
Western Cape,Police,Harare,Harare,021-3639034/5,-34.05193,18.6693
Western Cape,Police,Heidelberg,Heidelberg,028-7221910/8227,-26.49652,28.35413
Western Cape,Police,Hermanus,Hermanus,028-3135300,-34.41859,19.23623
Western Cape,Police,Hopefield,Hopefield,022-7238000/9,-33.06525,18.34998
Western Cape,Police,Hout Bay,Hout Bay,021-7919300,-34.03052,18.35674
Western Cape,Police,Kensington,Kensington,021-5947026/7/8,-33.90953,18.51064
Western Cape,Police,Khayelitsha,Khayelitsha,021-3602375/6/2300,-34.02464,18.66599
Western Cape,Police,Kirstenhof,Kirstenhof,021-7012426/1536,-34.07219,18.45524
Western Cape,Police,Klapmuts,Klapmuts,021-8758000/8014,-33.80679,18.86272
Western Cape,Police,Klawer,Klawer,027-2168060/1,-31.77222,18.62512
Western Cape,Police,Kleinmond,Kleinmond,028-2718202/15/19,-34.33963,19.03232
Western Cape,Police,Kleinvlei,Kleinvlei,021-9028310/11/12,-33.9882,18.71879
Western Cape,Police,Knysna,Knysna,044-3026600/2/14,-34.03629,23.05145
Western Cape,Police,Kraaifontein,Kraaifontein,021-9805533/34,-33.857,18.7273
Western Cape,Police,Kuilsrivier,Kuilsrivier,021-9002824/51,-33.93231,18.6825
Western Cape,Police,Kwanokuthula,Kwanokuthula,044-5332145/21,-34.05359,23.32062
Western Cape,Police,Kwanonqaba,Kwanonqaba,044-6065600/11,-34.17612,22.09112
Western Cape,Police,Laaiplek,Laaiplek,022-7838020/8025,-32.77115,18.15646
Western Cape,Police,Ladismith,Ladismith,028-5518100/06,-33.49487,21.2683
Western Cape,Police,Laingsburg,Laingsburg,023-5518200,-33.19758,20.85937
Western Cape,Police,Lambertsbaai,Lambertsbaai,027-4328260/63,-32.09251,18.30541
Western Cape,Police,Langa,Langa,021-6958000,-33.94453,18.52647
Western Cape,Police,Langebaan,Langebaan,022-7075140/2/3,-33.09287,18.03349
Western Cape,Police,Lansdowne,Lansdowne,021-7009000/43/5,-33.99054,18.50523
Western Cape,Police,Leeu-Gamka,Leeu-Gamka,023-5218000/1,-32.77896,21.97303
Western Cape,Police,Lentegeur,Lentegeur,021-3775000,-34.03613,18.6107
Western Cape,Police,Lingelethu-West,Lingelethu-West,021-3611785/1784,-34.04298,18.66004
Western Cape,Police,Lutzville,Lutzville,027-2174000/5,-31.55902,18.34501
Western Cape,Police,Lwandle,Lwandle,021-8452060/1,-34.11561,18.86718
Western Cape,Police,Macassar,Macassar,021-8577100,-34.06112,18.76276
Western Cape,Police,Maitland,Maitland,021-5069414/9415,-33.92367,18.48325
Western Cape,Police,Malmesbury,Malmesbury,022-4827500/7/35,-33.45354,18.72971
Western Cape,Police,Manenberg,Manenberg,021-6999420/55/65,-33.97186,18.55608
Western Cape,Police,Mbekweni,Mbekweni,021-8689901/9900,-33.67287,18.99789
Western Cape,Police,Mcgregor,Mcgregor,023-6258000/2,-33.9463,19.82949
Western Cape,Police,Melkbosstrand,Melkbosstrand,021-5538200/8207,-33.72733,18.4481
Western Cape,Police,Mfuleni,Mfuleni,021-9099540/14,-33.98106,18.68742
Western Cape,Police,Milnerton,Milnerton,021-5283800,-33.87562,18.50175
Western Cape,Police,Mitchells Plain,Mitchells Plain,021-3701600/1755,-34.04761,18.62321
Western Cape,Police,Montagu,Montagu,023-6148300/04,-33.7846,20.12967
Western Cape,Police,Moorreesburg,Moorreesburg,022-4338660/1/80,-33.15359,18.66466
Western Cape,Police,Mossel Bay,Mossel Bay,044 606 2804/5,-34.18145,22.14066
Western Cape,Police,Mowbray,Mowbray,021-6809588/7,-33.95012,18.47228
Western Cape,Police,Muizenberg,Muizenberg,021-7879000/9014/9015,-34.10872,18.46663
Western Cape,Police,Murraysburg,Murraysburg,049-8446501,-31.96489,23.76155
Western Cape,Police,Napier,Napier,028-4238000,-34.4756,19.89561
Western Cape,Police,Nuwerus,Nuwerus,027-6432011/2108,-31.14968,18.35712
Western Cape,Police,Nyanga,Nyanga,021-3803300/3304,-33.98896,18.58342
Western Cape,Police,Ocean View,Ocean View,021-7838306/17,-34.14435,18.34645
Western Cape,Police,Oudtshoorn,Oudtshoorn,044-2039014,-33.58986,22.20401
Western Cape,Police,Paarl,Paarl,021-8074021/4229,-33.73854,18.96916
Western Cape,Police,Paarl East,Paarl East,021-8775900/8/9,-33.71148,18.99406
Western Cape,Police,Pacaltsdorp,Pacaltsdorp,044-8039106/35,-34.02196,22.45031
Western Cape,Police,Parow,Parow,021-9297001/7037,-33.90469,18.59561
Western Cape,Police,Philadelphia,Philadelphia,021-9721797,-33.66565,18.58239
Western Cape,Police,Philippi,Philippi,021-6901504/5,-34.00107,18.54054
Western Cape,Police,Phillippi-East,Phillippi-East,021-3701903/4/20,-34.01031,18.60685
Western Cape,Police,Piketberg,Piketberg,022-9138800/7/18,-32.90627,18.75449
Western Cape,Police,Pinelands,Pinelands,021-506 2022/2387/2108,-33.92691,18.50137
Western Cape,Police,Plettenberg Bay,Plettenberg Bay,044-5011909/7/8/10,-34.05783,23.37196
Western Cape,Police,Porterville,Porterville,022 931 8700,-33.01164,18.99274
Western Cape,Police,Prince Albert,Prince Albert,023-5418000/4,-33.21944,22.02828
Western Cape,Police,Prince Alfred,Prince Alfred,023-3133133,-33.293406,19.329621
Western Cape,Police,Ravensmead,Ravensmead,021-9339005/6/3/1,-33.92226,18.5973
Western Cape,Police,Rawsonville,Rawsonville,023-3498300,-33.68464,19.30908
Western Cape,Police,Redelinghuys,Redelinghuys,022-9621620,-32.47741,18.53737
Western Cape,Police,Riebeek West,Riebeek West,022-4618100,-33.35093,18.8727
Western Cape,Police,Riversdale,Riversdale,028-7138541/8,-34.09338,21.26123
Western Cape,Police,Riviersonderend,Riviersonderend,028-2618040,-34.15086,19.92037
Western Cape,Police,Robertson,Robertson,023-6268340/8346,-33.80517,19.87543
Western Cape,Police,Rondebosch,Rondebosch,021-6857345/7216/17,-33.96262,18.46833
Western Cape,Police,Saldanha,Saldanha,022-7148333/4,-33.00962,17.93958
Western Cape,Police,Saron,Saron,023-2408000/2/27/46,-33.18409,18.99944
Western Cape,Police,Sea Point,Sea Point,021-4303700/18/41,-33.90553,18.39946
Western Cape,Police,Simon's Town,Simon's Town,021-7868646/7/40,-34.19313,18.43659
Western Cape,Police,Somerset West,Somerset West,021-8501303/1325,-34.07682,18.84466
Western Cape,Police,St Helena Bay,St Helena Bay,022-7368060/70,-32.75816,18.02407
Western Cape,Police,Stanford,Stanford,028-3410601/0807,-34.43881,19.45789
Western Cape,Police,Steenberg,Steenberg,021-7029000/22/23/40,-34.06542,18.47621
Western Cape,Police,Stellenbosch,Stellenbosch,021-8095000/3/15,-33.93575,18.85592
Western Cape,Police,Still Bay,Still Bay,028-7546100,-34.37743,21.41184
Western Cape,Police,Strand,Strand,021-8549100/38,-34.11592,18.83286
Western Cape,Police,Strandfontein,Strandfontein,021-3701501/16,-34.07212,18.57684
Western Cape,Police,Struisbaai,Struisbaai,028-4356440,-34.80059,20.05088
Western Cape,Police,Suurbraak,Suurbraak,028-5228000/1766,-34.0046,20.654
Western Cape,Police,Swellendam,Swellendam,028-5148100/8112,-34.02047,20.44455
Western Cape,Police,Table Bay Harbour,Table Bay Harbour,021-4031001/2,-33.91001,18.42454
Western Cape,Police,Table View,Table View,021-5213338,-33.82635,18.4893
Western Cape,Police,Thembalethu,Thembalethu,044-8028922/8923,-34.00341,22.48547
Western Cape,Police,Touws River,Touws River,023-3588000/1849,-33.33927,20.03179
Western Cape,Police,Tulbagh,Tulbagh,023-2308100/1,-33.28503,19.14052
Western Cape,Police,Uniondale,Uniondale,044-7526600/6610,-33.6573,23.12582
Western Cape,Police,Vanrhynsdorp,Vanrhynsdorp,027 219 8031,-31.6083,18.74001
Western Cape,Police,Villiersdorp,Villiersdorp,028-8408001/4/14/15,-33.99243,19.28734
Western Cape,Police,Vredenburg,Vredenburg,022-7036453/6493,-32.90673,18.00228
Western Cape,Police,Vredendal,Vredendal,027-2013201/2/24,-31.66088,18.51031
Western Cape,Police,Wellington,Wellington,021-8648440/72/73,-33.64022,19.00515
Western Cape,Police,Wolseley,Wolseley,023-2318000/1,-33.4144,19.20104
Western Cape,Police,Woodstock,Woodstock,021-4423117/21/22,-33.92897,18.44814
Western Cape,Police,Worcester,Worcester,023-3488600/1/2,-33.64546,19.44373
Western Cape,Police,Wynberg,Wynberg,021-7991383/1400/2,-34.00399,18.46505
